chirp,ID,chDur,carrier_freq,temp
LPL11_0,LPL,5412.0,5727.83203125,32.2
LPL11_2,LPL,5498.0,5534.033203125,32.2
LPL11_6,LPL,5486.0,5620.166015625,32.2
LPL11_8,LPL,5508.0,5620.166015625,32.2
LPL11_9,LPL,5499.0,5534.033203125,32.2
LPL11_10,LPL,5330.0,5706.298828125,32.2
LPL11_12,LPL,5433.0,5727.83203125,32.2
LPL11_14,LPL,5282.0,5727.83203125,32.2
LPL11_17,LPL,5542.0,5706.298828125,32.2
LPL11_19,LPL,5525.0,5620.166015625,32.2
LPL11_23,LPL,5574.0,5684.765625,32.2
LPL11_25,LPL,5508.0,5727.83203125,32.2
LPL11_27,LPL,5447.0,5663.232421875,32.2
LPL11_29,LPL,5578.0,5706.298828125,32.2
LPL11_33,LPL,5533.0,5749.365234375,32.2
LPL11_36,LPL,5610.0,5770.8984375,32.2
LPL11_38,LPL,5462.0,5620.166015625,32.2
LPL11_40,LPL,5504.0,5555.56640625,32.2
LPL11_42,LPL,5451.0,5663.232421875,32.2
LPL11_44,LPL,5410.0,5663.232421875,32.2
LPL11_46,LPL,5542.0,5684.765625,32.2
LPL11_49,LPL,5537.0,5598.6328125,32.2
LPL11_50,LPL,5611.0,5641.69921875,32.2
LPL11_52,LPL,5530.0,5878.564453125,32.2
LPL11_55,LPL,5442.0,5512.5,32.2
LPL11_56,LPL,5432.0,5641.69921875,32.2
LPL11_58,LPL,5515.0,5857.03125,32.2
LPL11_60,LPL,5570.0,5684.765625,32.2
LPL11_62,LPL,5505.0,5706.298828125,32.2
LPL11_64,LPL,5526.0,5813.96484375,32.2
LPL11_69,LPL,5344.0,5813.96484375,32.2
LPL11_74,LPL,5560.0,5749.365234375,32.2
LPL11_76,LPL,5487.0,5813.96484375,32.2
LPL11_78,LPL,5469.0,5577.099609375,32.2
LPL11_79,LPL,5386.0,5663.232421875,32.2
LPL11_80,LPL,5429.0,5706.298828125,32.2
LPL11_81,LPL,4668.0,5641.69921875,32.2
LPL11_82,LPL,5154.0,5641.69921875,32.2
LPL11_83,LPL,5474.0,5684.765625,32.2
LPL11_84,LPL,5255.0,5598.6328125,32.2
LPL11_86,LPL,5401.0,5727.83203125,32.2
LPL11_87,LPL,5370.0,5749.365234375,32.2
LPL11_89,LPL,5483.0,5813.96484375,32.2
LPL11_91,LPL,4811.0,5792.431640625,32.2
LPL11_92,LPL,4825.0,5641.69921875,32.2
LPL11_94,LPL,5477.0,5835.498046875,32.2
LPL11_95,LPL,5075.0,5792.431640625,32.2
LPL11_96,LPL,4765.0,5598.6328125,32.2
LPL11_99,LPL,5658.0,5512.5,32.2
LPL11_102,LPL,5542.0,5706.298828125,32.2
LPL11_103,LPL,5342.0,5813.96484375,32.2
LPL11_106,LPL,5480.0,5792.431640625,32.2
LPL11_107,LPL,5493.0,5813.96484375,32.2
LPL11_109,LPL,5522.0,5641.69921875,32.2
LPL11_112,LPL,5661.0,5512.5,32.2
LPL11_114,LPL,5383.0,5663.232421875,32.2
LPL11_116,LPL,5566.0,5835.498046875,32.2
LPL11_118,LPL,5490.0,5792.431640625,32.2
LPL11_120,LPL,5515.0,5684.765625,32.2
LPL11_122,LPL,5406.0,5770.8984375,32.2
LPL11_124,LPL,5580.0,5663.232421875,32.2
LPL11_127,LPL,5663.0,5857.03125,32.2
LPL11_129,LPL,5545.0,5706.298828125,32.2
LPL11_131,LPL,5598.0,5857.03125,32.2
LPL11_133,LPL,5830.0,5878.564453125,32.2
LPL11_135,LPL,5301.0,5857.03125,32.2
LPL11_137,LPL,5570.0,5706.298828125,32.2
LPL11_138,LPL,5113.0,5749.365234375,32.2
LPL11_139,LPL,5519.0,5727.83203125,32.2
LPL11_141,LPL,5620.0,5620.166015625,32.2
LPL11_142,LPL,4930.0,5792.431640625,32.2
LPL11_144,LPL,5176.0,5835.498046875,32.2
LPL11_149,LPL,5501.0,6093.896484375,32.2
LPL11_150,LPL,4817.0,5813.96484375,32.2
LPL11_151,LPL,5374.0,5749.365234375,32.2
LPL11_155,LPL,5420.0,6115.4296875,32.2
LPL11_156,LPL,5498.0,5878.564453125,32.2
LPL11_158,LPL,5486.0,6115.4296875,32.2
LPL11_160,LPL,4966.0,5878.564453125,32.2
LPL11_164,LPL,5520.0,5813.96484375,32.2
LPL11_166,LPL,5119.0,5813.96484375,32.2
LPL11_168,LPL,5559.0,5813.96484375,32.2
LPL11_169,LPL,4927.0,5835.498046875,32.2
LPL11_171,LPL,5601.0,5813.96484375,32.2
LPL11_173,LPL,5539.0,5857.03125,32.2
LPL11_174,LPL,5357.0,5813.96484375,32.2
LPL11_176,LPL,5512.0,5835.498046875,32.2
LPL11_178,LPL,5497.0,5835.498046875,32.2
LPL11_181,LPL,5539.0,5770.8984375,32.2
LPL11_182,LPL,5047.0,5792.431640625,32.2
LPL11_184,LPL,5241.0,6115.4296875,32.2
LPL11_185,LPL,5278.0,5792.431640625,32.2
LPL11_189,LPL,5436.0,5813.96484375,32.2
LPL11_191,LPL,5249.0,5555.56640625,32.2
LPL11_193,LPL,5156.0,5770.8984375,32.2
LPL11_197,LPL,5201.0,5792.431640625,32.2
LPL11_201,LPL,5701.0,5706.298828125,32.2
LPL11_204,LPL,5477.0,6115.4296875,32.2
LPL11_206,LPL,5576.0,5792.431640625,32.2
LPL11_207,LPL,5305.0,6115.4296875,32.2
LPL11_208,LPL,5525.0,5792.431640625,32.2
LPL11_210,LPL,4742.0,5749.365234375,32.2
LPL11_211,LPL,4756.0,5534.033203125,32.2
LPL11_213,LPL,5521.0,6115.4296875,32.2
LPL11_215,LPL,5362.0,5749.365234375,32.2
LPL11_219,LPL,5090.0,5835.498046875,32.2
LPL11_220,LPL,5235.0,5770.8984375,32.2
LPL11_222,LPL,4821.0,5749.365234375,32.2
LPL11_225,LPL,5532.0,5706.298828125,32.2
LPL11_226,LPL,5449.0,5641.69921875,32.2
LPL11_229,LPL,4872.0,5749.365234375,32.2
LPL11_231,LPL,4854.0,5857.03125,32.2
LPL11_232,LPL,5459.0,5727.83203125,32.2
LPL11_235,LPL,5020.0,5770.8984375,32.2
LPL11_237,LPL,5451.0,5641.69921875,32.2
LPL11_242,LPL,5708.0,5813.96484375,32.2
LPL11_244,LPL,5510.0,5555.56640625,32.2
LPL11_245,LPL,5599.0,5598.6328125,32.2
LPL11_248,LPL,5016.0,5813.96484375,32.2
LPL11_250,LPL,5648.0,5943.1640625,32.2
LPL11_251,LPL,5199.0,6115.4296875,32.2
LPL11_252,LPL,4898.0,5727.83203125,32.2
LPL11_253,LPL,5350.0,5792.431640625,32.2
LPL11_256,LPL,4859.0,5813.96484375,32.2
LPL11_258,LPL,5447.0,5663.232421875,32.2
LPL11_259,LPL,5478.0,5727.83203125,32.2
LPL11_260,LPL,4874.0,5857.03125,32.2
LPL11_262,LPL,4868.0,5663.232421875,32.2
LPL11_263,LPL,4815.0,5857.03125,32.2
LPL11_264,LPL,5335.0,5878.564453125,32.2
LPL11_265,LPL,5173.0,6136.962890625,32.2
LPL11_269,LPL,5487.0,5835.498046875,32.2
LPL11_271,LPL,5399.0,5878.564453125,32.2
LPL11_272,LPL,5028.0,5813.96484375,32.2
LPL11_273,LPL,4873.0,5878.564453125,32.2
LPL11_275,LPL,5541.0,6136.962890625,32.2
LPL11_276,LPL,5321.0,5813.96484375,32.2
LPL11_277,LPL,5032.0,5835.498046875,32.2
LPL11_280,LPL,5239.0,6136.962890625,32.2
LPL11_281,LPL,5180.0,6158.49609375,32.2
LPL11_283,LPL,4743.0,5857.03125,32.2
LPL11_285,LPL,5389.0,6158.49609375,32.2
LPL11_286,LPL,5376.0,6158.49609375,32.2
LPL11_287,LPL,5188.0,5835.498046875,32.2
LPL11_288,LPL,4890.0,5835.498046875,32.2
LPL11_290,LPL,5025.0,5878.564453125,32.2
LPL11_291,LPL,4742.0,5900.09765625,32.2
LPL11_294,LPL,4774.0,5900.09765625,32.2
LPL11_296,LPL,4853.0,5835.498046875,32.2
LPL11_298,LPL,5479.0,6136.962890625,32.2
LPL11_299,LPL,5066.0,5857.03125,32.2
LPL11_300,LPL,4910.0,5900.09765625,32.2
LPL11_301,LPL,5038.0,5900.09765625,32.2
LPL11_302,LPL,5352.0,6158.49609375,32.2
LPL11_303,LPL,4906.0,5878.564453125,32.2
LPL11_305,LPL,5040.0,5878.564453125,32.2
LPL11_307,LPL,4834.0,5813.96484375,32.2
LPL11_308,LPL,5121.0,5857.03125,32.2
LPL11_309,LPL,5196.0,5857.03125,32.2
LPL11_310,LPL,5043.0,5835.498046875,32.2
LPL11_313,LPL,5508.0,5878.564453125,32.2
LPL11_314,LPL,5041.0,5813.96484375,32.2
LPL11_316,LPL,5274.0,5857.03125,32.2
LPL11_320,LPL,4897.0,5857.03125,32.2
LPL11_321,LPL,5011.0,5770.8984375,32.2
LPL11_325,LPL,4775.0,5663.232421875,32.2
LPL11_327,LPL,5368.0,5857.03125,32.2
LPL11_332,LPL,4947.0,5684.765625,32.2
LPL11_334,LPL,5211.0,5921.630859375,32.2
LPL11_336,LPL,5139.0,6136.962890625,32.2
LPL11_337,LPL,5485.0,5813.96484375,32.2
LPL11_338,LPL,5352.0,6136.962890625,32.2
LPL11_340,LPL,5678.0,5878.564453125,32.2
LPL11_342,LPL,5124.0,5835.498046875,32.2
LPL11_343,LPL,5299.0,5878.564453125,32.2
LPL11_344,LPL,5046.0,5835.498046875,32.2
LPL11_346,LPL,5482.0,5900.09765625,32.2
LPL11_347,LPL,4970.0,5857.03125,32.2
LPL11_348,LPL,5028.0,5857.03125,32.2
LPL11_350,LPL,5151.0,5921.630859375,32.2
LPL11_351,LPL,4898.0,5878.564453125,32.2
LPL11_352,LPL,5100.0,5663.232421875,32.2
LPL11_355,LPL,5218.0,5921.630859375,32.2
LPL11_359,LPL,4967.0,5749.365234375,32.2
LPL11_360,LPL,4889.0,5878.564453125,32.2
LPL11_362,LPL,5575.0,6136.962890625,32.2
LPL11_374,LPL,5584.0,5706.298828125,32.2
LPL11_376,LPL,5214.0,5835.498046875,32.2
LPL11_377,LPL,5426.0,5813.96484375,32.2
LPL11_378,LPL,5774.0,5857.03125,32.2
LPL11_380,LPL,5450.0,5770.8984375,32.2
LPL11_381,LPL,5445.0,5770.8984375,32.2
LPL11_382,LPL,5418.0,5706.298828125,32.2
LPL11_383,LPL,5479.0,5878.564453125,32.2
LPL11_384,LPL,5081.0,5620.166015625,32.2
LPL11_385,LPL,5477.0,5835.498046875,32.2
LPL11_386,LPL,4942.0,5663.232421875,32.2
LPL11_387,LPL,5614.0,5792.431640625,32.2
LPL11_389,LPL,4977.0,5620.166015625,32.2
LPL11_390,LPL,5501.0,5813.96484375,32.2
LPL11_392,LPL,5005.0,5663.232421875,32.2
LPL11_393,LPL,5019.0,5835.498046875,32.2
LPL11_394,LPL,5014.0,5900.09765625,32.2
LPL11_397,LPL,4861.0,5792.431640625,32.2
LPL11_398,LPL,4874.0,5727.83203125,32.2
LPL11_400,LPL,5515.0,5770.8984375,32.2
LPL11_401,LPL,4827.0,5857.03125,32.2
LPL11_402,LPL,5422.0,5857.03125,32.2
LPL11_403,LPL,5276.0,5641.69921875,32.2
LPL11_404,LPL,5493.0,5749.365234375,32.2
LPL11_409,LPL,5099.0,5813.96484375,32.2
LPL11_410,LPL,5180.0,5792.431640625,32.2
BKB21_14,BKB,5785.0,6007.763671875,29.1
BKB21_18,BKB,5763.0,6309.228515625,29.1
BKB21_76,BKB,5891.0,6266.162109375,29.1
BKB21_128,BKB,5808.0,5964.697265625,29.1
BKB21_170,BKB,5658.0,5986.23046875,29.1
BKB21_176,BKB,5907.0,6309.228515625,29.1
BKB21_182,BKB,5867.0,6007.763671875,29.1
BKB21_275,BKB,6180.0,5921.630859375,29.1
BKB21_340,BKB,5810.0,5964.697265625,29.1
BKB21_366,BKB,5700.0,6029.296875,29.1
BKB21_372,BKB,5785.0,5900.09765625,29.1
BKB21_430,BKB,5981.0,6007.763671875,29.1
BKB21_459,BKB,5787.0,6287.6953125,29.1
BKB21_482,BKB,5778.0,5964.697265625,29.1
BKB21_496,BKB,5963.0,5943.1640625,29.1
BKB21_498,BKB,5799.0,5964.697265625,29.1
BKB21_500,BKB,5765.0,5964.697265625,29.1
BKB21_502,BKB,5775.0,5943.1640625,29.1
BKB21_504,BKB,5739.0,6007.763671875,29.1
BKB21_508,BKB,5780.0,5900.09765625,29.1
BKB21_520,BKB,6080.0,5921.630859375,29.1
BKB21_543,BKB,7167.0,5986.23046875,29.1
RBB11_0,RBB,6479.0,5684.765625,27.8
RBB11_1,RBB,6382.0,5684.765625,27.8
RBB11_2,RBB,6767.0,5663.232421875,27.8
RBB11_3,RBB,6531.0,5598.6328125,27.8
RBB11_4,RBB,6435.0,5684.765625,27.8
RBB11_5,RBB,6566.0,5684.765625,27.8
RBB11_6,RBB,6478.0,5749.365234375,27.8
RBB11_8,RBB,6459.0,5706.298828125,27.8
RBB11_9,RBB,6551.0,5706.298828125,27.8
RBB11_10,RBB,6462.0,5727.83203125,27.8
RBB11_11,RBB,6462.0,5770.8984375,27.8
RBB11_13,RBB,6447.0,5706.298828125,27.8
RBB11_15,RBB,6431.0,5706.298828125,27.8
RBB11_16,RBB,6517.0,5663.232421875,27.8
RBB11_17,RBB,6594.0,5727.83203125,27.8
RBB11_18,RBB,6520.0,5706.298828125,27.8
RBB11_19,RBB,6449.0,5706.298828125,27.8
RBB11_23,RBB,6491.0,5706.298828125,27.8
RBB11_24,RBB,6591.0,5663.232421875,27.8
RBB11_26,RBB,6183.0,5727.83203125,27.8
RBB11_27,RBB,6544.0,5684.765625,27.8
RBB11_28,RBB,6514.0,5770.8984375,27.8
RBB11_29,RBB,6578.0,5684.765625,27.8
RBB11_30,RBB,6526.0,5663.232421875,27.8
RBB11_31,RBB,6412.0,5770.8984375,27.8
RBB11_32,RBB,6439.0,5727.83203125,27.8
RBB11_33,RBB,6484.0,5663.232421875,27.8
RBB11_34,RBB,6448.0,5684.765625,27.8
RBB11_35,RBB,6449.0,5663.232421875,27.8
RBB11_37,RBB,6507.0,5727.83203125,27.8
RBB11_39,RBB,6433.0,5727.83203125,27.8
RBB11_40,RBB,6547.0,5727.83203125,27.8
RBB11_42,RBB,6408.0,5684.765625,27.8
RBB11_43,RBB,6504.0,5749.365234375,27.8
RBB11_44,RBB,6513.0,5684.765625,27.8
RBB11_45,RBB,6582.0,5792.431640625,27.8
RBB11_46,RBB,6465.0,5706.298828125,27.8
RBB11_49,RBB,6409.0,5469.43359375,27.8
RBB11_50,RBB,6556.0,5490.966796875,27.8
RBB11_51,RBB,6392.0,5490.966796875,27.8
RBB11_53,RBB,6505.0,5555.56640625,27.8
RBB11_54,RBB,6504.0,5512.5,27.8
RBB11_55,RBB,6589.0,5512.5,27.8
RBB11_56,RBB,6536.0,5577.099609375,27.8
RBB11_57,RBB,6417.0,5534.033203125,27.8
RBB11_58,RBB,6520.0,5663.232421875,27.8
RBB11_59,RBB,6551.0,5663.232421875,27.8
RBB11_60,RBB,6387.0,5727.83203125,27.8
RBB11_61,RBB,6554.0,5663.232421875,27.8
RBB11_62,RBB,6584.0,5749.365234375,27.8
RBB11_63,RBB,6387.0,5577.099609375,27.8
RBB11_64,RBB,6330.0,5684.765625,27.8
RBB11_67,RBB,6407.0,5706.298828125,27.8
RBB11_68,RBB,6646.0,5706.298828125,27.8
RBB11_69,RBB,6505.0,5663.232421875,27.8
RBB11_71,RBB,6512.0,5706.298828125,27.8
RBB11_72,RBB,6452.0,5749.365234375,27.8
RBB11_73,RBB,6534.0,5706.298828125,27.8
RBB11_74,RBB,6420.0,5727.83203125,27.8
RBB11_78,RBB,6509.0,5684.765625,27.8
RBB11_80,RBB,6278.0,5727.83203125,27.8
RBB11_81,RBB,6455.0,5684.765625,27.8
RBB11_82,RBB,6421.0,5684.765625,27.8
RBB11_83,RBB,6406.0,5749.365234375,27.8
RBB11_84,RBB,6584.0,5706.298828125,27.8
RBB11_86,RBB,6551.0,5706.298828125,27.8
RBB11_87,RBB,6402.0,5727.83203125,27.8
RBB11_89,RBB,6389.0,5727.83203125,27.8
RBB11_90,RBB,6459.0,5770.8984375,27.8
RBB11_91,RBB,6774.0,5663.232421875,27.8
RBB11_94,RBB,6384.0,5663.232421875,27.8
RBB11_95,RBB,6494.0,5878.564453125,27.8
RBB11_96,RBB,6488.0,5770.8984375,27.8
RBB11_100,RBB,6493.0,5792.431640625,27.8
RBB11_101,RBB,6497.0,5770.8984375,27.8
RBB11_104,RBB,6432.0,5641.69921875,27.8
RBB11_105,RBB,6524.0,5706.298828125,27.8
RBB11_106,RBB,6524.0,5684.765625,27.8
RBB11_108,RBB,6418.0,5684.765625,27.8
RBB11_111,RBB,6433.0,5641.69921875,27.8
RBB11_115,RBB,6485.0,5770.8984375,27.8
RBB11_118,RBB,6485.0,5792.431640625,27.8
RBB11_119,RBB,6421.0,5900.09765625,27.8
RBB11_120,RBB,6463.0,5727.83203125,27.8
RBB11_121,RBB,6504.0,5770.8984375,27.8
RBB11_122,RBB,6403.0,5857.03125,27.8
RBB11_123,RBB,6540.0,5641.69921875,27.8
RBB11_124,RBB,6503.0,5727.83203125,27.8
RBB11_125,RBB,6523.0,5792.431640625,27.8
RBB11_126,RBB,6422.0,5663.232421875,27.8
RBB11_128,RBB,6438.0,5663.232421875,27.8
RBB11_129,RBB,6441.0,5727.83203125,27.8
RBB11_132,RBB,6495.0,5684.765625,27.8
RBB11_133,RBB,6570.0,5684.765625,27.8
RBB11_134,RBB,6413.0,5620.166015625,27.8
RBB11_135,RBB,6465.0,5706.298828125,27.8
RBB11_138,RBB,6647.0,5706.298828125,27.8
RBB11_139,RBB,6418.0,5900.09765625,27.8
RBB11_140,RBB,6444.0,5921.630859375,27.8
RBB11_141,RBB,6398.0,5706.298828125,27.8
RBB11_145,RBB,6513.0,5813.96484375,27.8
RBB11_146,RBB,6503.0,5706.298828125,27.8
RBB11_151,RBB,6501.0,5684.765625,27.8
RBB11_152,RBB,6462.0,5641.69921875,27.8
RBB11_153,RBB,6485.0,5641.69921875,27.8
RBB11_154,RBB,6457.0,5663.232421875,27.8
RBB11_155,RBB,6378.0,5641.69921875,27.8
RBB11_157,RBB,6507.0,5878.564453125,27.8
RBB11_158,RBB,6454.0,5857.03125,27.8
RBB11_159,RBB,6451.0,5684.765625,27.8
RBB11_160,RBB,6592.0,5663.232421875,27.8
RBB11_161,RBB,6599.0,5684.765625,27.8
RBB11_162,RBB,6634.0,5641.69921875,27.8
RBB11_163,RBB,6416.0,5857.03125,27.8
RBB11_164,RBB,6484.0,5663.232421875,27.8
RBB11_165,RBB,6564.0,5641.69921875,27.8
RBB11_167,RBB,6446.0,5663.232421875,27.8
RBB11_168,RBB,6492.0,5684.765625,27.8
RBB11_169,RBB,6354.0,5921.630859375,27.8
RBB11_170,RBB,6517.0,5598.6328125,27.8
RBB11_171,RBB,6382.0,5878.564453125,27.8
RBB11_172,RBB,6415.0,5641.69921875,27.8
RBB11_173,RBB,6522.0,5727.83203125,27.8
RBB11_174,RBB,6443.0,5663.232421875,27.8
RBB11_175,RBB,6549.0,5900.09765625,27.8
RBB11_176,RBB,6467.0,5663.232421875,27.8
RBB11_177,RBB,6513.0,5706.298828125,27.8
RBB11_178,RBB,6370.0,5663.232421875,27.8
RBB11_179,RBB,6585.0,5663.232421875,27.8
RBB11_182,RBB,6575.0,5706.298828125,27.8
RBB11_183,RBB,6375.0,5641.69921875,27.8
RBB11_184,RBB,6598.0,5641.69921875,27.8
RBB11_185,RBB,6532.0,5663.232421875,27.8
RBB11_186,RBB,6368.0,5727.83203125,27.8
RBB11_187,RBB,6506.0,5663.232421875,27.8
RBB11_190,RBB,6335.0,5684.765625,27.8
RBB11_191,RBB,6467.0,5663.232421875,27.8
RBB11_192,RBB,6442.0,5727.83203125,27.8
RBB11_193,RBB,6308.0,5641.69921875,27.8
RBB11_194,RBB,6509.0,5749.365234375,27.8
RBB11_195,RBB,6498.0,5620.166015625,27.8
RBB11_196,RBB,6671.0,5641.69921875,27.8
RBB11_197,RBB,6659.0,5620.166015625,27.8
RBB11_198,RBB,6447.0,5857.03125,27.8
RBB11_199,RBB,6357.0,5620.166015625,27.8
RBB11_200,RBB,6587.0,5706.298828125,27.8
RBB11_201,RBB,6413.0,5706.298828125,27.8
RBB11_202,RBB,6310.0,5727.83203125,27.8
RBB11_203,RBB,6511.0,5921.630859375,27.8
RBB11_204,RBB,6523.0,5986.23046875,27.8
RBB11_205,RBB,6421.0,5792.431640625,27.8
RBB11_206,RBB,6402.0,5641.69921875,27.8
RBB11_209,RBB,6442.0,5749.365234375,27.8
RBB11_210,RBB,6511.0,5641.69921875,27.8
RBB11_211,RBB,6509.0,5684.765625,27.8
RBB11_212,RBB,6540.0,5727.83203125,27.8
RBB11_213,RBB,6546.0,5620.166015625,27.8
RBB11_215,RBB,6344.0,5900.09765625,27.8
RBB11_218,RBB,6507.0,5663.232421875,27.8
RBB11_219,RBB,6483.0,5727.83203125,27.8
RBB11_220,RBB,6405.0,5684.765625,27.8
RBB11_221,RBB,6446.0,5749.365234375,27.8
RBB11_222,RBB,6553.0,5641.69921875,27.8
RBB11_223,RBB,6464.0,5921.630859375,27.8
RBB11_226,RBB,6399.0,5641.69921875,27.8
RBB11_227,RBB,6400.0,5749.365234375,27.8
RBB11_228,RBB,6397.0,5878.564453125,27.8
RBB11_229,RBB,6533.0,5620.166015625,27.8
RBB11_230,RBB,6552.0,5835.498046875,27.8
RBB11_232,RBB,6443.0,5598.6328125,27.8
RBB11_233,RBB,6435.0,5684.765625,27.8
RBB11_234,RBB,6574.0,5577.099609375,27.8
RBB11_235,RBB,6552.0,5641.69921875,27.8
RBB11_236,RBB,6364.0,5641.69921875,27.8
RBB11_237,RBB,6584.0,5577.099609375,27.8
RBB11_238,RBB,6542.0,5749.365234375,27.8
RBB11_239,RBB,6467.0,5663.232421875,27.8
RBB11_240,RBB,6506.0,5749.365234375,27.8
LPL31_13,LPL,6351.0,5835.498046875,28.1
LPL31_18,LPL,6299.0,5857.03125,28.1
LPL31_21,LPL,6132.0,5857.03125,28.1
LPL31_24,LPL,6078.0,5835.498046875,28.1
LPL31_26,LPL,6109.0,5900.09765625,28.1
LPL31_28,LPL,6279.0,5878.564453125,28.1
LPL31_30,LPL,6243.0,5878.564453125,28.1
LPL31_31,LPL,6315.0,5663.232421875,28.1
LPL31_33,LPL,5982.0,5857.03125,28.1
LPL31_34,LPL,6378.0,5512.5,28.1
LPL31_36,LPL,6126.0,5835.498046875,28.1
LPL31_38,LPL,6331.0,5878.564453125,28.1
LPL31_40,LPL,6078.0,5835.498046875,28.1
LPL31_41,LPL,6373.0,5426.3671875,28.1
LPL31_42,LPL,6069.0,5663.232421875,28.1
LPL31_44,LPL,6364.0,5641.69921875,28.1
LPL31_45,LPL,6252.0,5684.765625,28.1
LPL31_46,LPL,5939.0,5490.966796875,28.1
LPL31_48,LPL,6141.0,5900.09765625,28.1
LPL31_50,LPL,6241.0,5878.564453125,28.1
LPL31_51,LPL,6125.0,5878.564453125,28.1
LPL31_53,LPL,6155.0,5878.564453125,28.1
LPL31_55,LPL,6190.0,5900.09765625,28.1
LPL31_57,LPL,6376.0,5878.564453125,28.1
LPL31_59,LPL,5886.0,5490.966796875,28.1
LPL31_61,LPL,6390.0,5878.564453125,28.1
LPL31_63,LPL,6122.0,5878.564453125,28.1
LPL31_64,LPL,5916.0,5490.966796875,28.1
LPL31_65,LPL,5992.0,5878.564453125,28.1
LPL31_67,LPL,6164.0,5663.232421875,28.1
LPL31_68,LPL,6156.0,5641.69921875,28.1
LPL31_69,LPL,6363.0,5684.765625,28.1
LPL31_71,LPL,6383.0,5706.298828125,28.1
LPL31_72,LPL,6098.0,5878.564453125,28.1
LPL31_73,LPL,6178.0,5577.099609375,28.1
LPL31_74,LPL,6246.0,5857.03125,28.1
LPL31_85,LPL,6403.0,5770.8984375,28.1
LPL31_86,LPL,6391.0,5792.431640625,28.1
LPL31_95,LPL,6501.0,5792.431640625,28.1
LPL31_97,LPL,6571.0,5620.166015625,28.1
LPL31_98,LPL,6118.0,5663.232421875,28.1
LPL31_100,LPL,6349.0,5598.6328125,28.1
LPL31_102,LPL,6234.0,5684.765625,28.1
LPL31_104,LPL,6265.0,5620.166015625,28.1
LPL31_106,LPL,6263.0,5620.166015625,28.1
LPL31_108,LPL,6400.0,5641.69921875,28.1
LPL31_109,LPL,5886.0,5641.69921875,28.1
LPL31_110,LPL,6318.0,5684.765625,28.1
LPL31_111,LPL,6145.0,5684.765625,28.1
LPL31_112,LPL,6328.0,5620.166015625,28.1
LPL31_114,LPL,6485.0,5577.099609375,28.1
LPL31_117,LPL,6420.0,5706.298828125,28.1
LPL31_119,LPL,6300.0,5706.298828125,28.1
LPL31_121,LPL,6374.0,5706.298828125,28.1
LPL31_123,LPL,6082.0,5663.232421875,28.1
LPL31_124,LPL,6313.0,5641.69921875,28.1
LPL31_125,LPL,5968.0,5684.765625,28.1
LPL31_126,LPL,6096.0,5577.099609375,28.1
LPL31_128,LPL,6255.0,5598.6328125,28.1
LPL31_129,LPL,6229.0,5684.765625,28.1
LPL31_130,LPL,6161.0,5684.765625,28.1
LPL31_131,LPL,6257.0,5727.83203125,28.1
LPL31_132,LPL,6099.0,5598.6328125,28.1
LPL31_133,LPL,6200.0,5684.765625,28.1
LPL31_135,LPL,6017.0,5641.69921875,28.1
LPL31_136,LPL,6283.0,5706.298828125,28.1
LPL31_137,LPL,6156.0,5663.232421875,28.1
LPL31_139,LPL,5917.0,5426.3671875,28.1
LPL31_140,LPL,6052.0,5447.900390625,28.1
LPL31_141,LPL,6227.0,5469.43359375,28.1
LPL31_142,LPL,6117.0,5490.966796875,28.1
LPL31_143,LPL,6156.0,5490.966796875,28.1
LPL31_145,LPL,6282.0,5641.69921875,28.1
LPL31_147,LPL,6199.0,5684.765625,28.1
LPL31_150,LPL,6415.0,5706.298828125,28.1
LPL31_152,LPL,6006.0,5577.099609375,28.1
LPL31_153,LPL,6092.0,5641.69921875,28.1
LPL31_155,LPL,6166.0,5598.6328125,28.1
LPL31_156,LPL,6202.0,5620.166015625,28.1
LPL31_158,LPL,6330.0,5641.69921875,28.1
LPL31_159,LPL,6078.0,5598.6328125,28.1
LPL31_160,LPL,6237.0,5684.765625,28.1
LPL31_161,LPL,5984.0,5512.5,28.1
LPL31_162,LPL,6265.0,5641.69921875,28.1
LPL31_164,LPL,6052.0,5598.6328125,28.1
BKB12_2,BKB,6457.0,6244.62890625,27.0
BKB12_14,BKB,6125.0,5986.23046875,27.0
BKB12_15,BKB,6027.0,5986.23046875,27.0
BKB12_16,BKB,5879.0,5921.630859375,27.0
BKB12_19,BKB,5998.0,5986.23046875,27.0
BKB12_21,BKB,5910.0,6201.5625,27.0
BKB12_23,BKB,6189.0,5986.23046875,27.0
BKB12_24,BKB,5982.0,6244.62890625,27.0
BKB12_25,BKB,5944.0,6244.62890625,27.0
BKB12_26,BKB,5937.0,6266.162109375,27.0
BKB12_29,BKB,5998.0,6223.095703125,27.0
BKB12_30,BKB,5872.0,6287.6953125,27.0
BKB12_31,BKB,5818.0,6180.029296875,27.0
BKB12_34,BKB,6234.0,6223.095703125,27.0
BKB12_36,BKB,5957.0,6029.296875,27.0
BKB12_37,BKB,5896.0,6050.830078125,27.0
BKB12_39,BKB,6101.0,5964.697265625,27.0
BKB12_41,BKB,5948.0,6115.4296875,27.0
BKB12_43,BKB,6125.0,6007.763671875,27.0
BKB12_45,BKB,6159.0,6266.162109375,27.0
BKB12_47,BKB,6182.0,6244.62890625,27.0
BKB12_49,BKB,6043.0,6223.095703125,27.0
BKB12_51,BKB,6161.0,6007.763671875,27.0
BKB12_55,BKB,6184.0,6180.029296875,27.0
BKB12_56,BKB,5976.0,6007.763671875,27.0
BKB12_61,BKB,5980.0,6136.962890625,27.0
BKB12_66,BKB,5820.0,5749.365234375,27.0
BKB12_68,BKB,5845.0,6201.5625,27.0
BKB12_70,BKB,5988.0,5749.365234375,27.0
BKB12_72,BKB,5869.0,5792.431640625,27.0
BKB12_79,BKB,6167.0,6136.962890625,27.0
BKB12_81,BKB,5864.0,6201.5625,27.0
BKB12_85,BKB,6206.0,6180.029296875,27.0
BKB12_87,BKB,5872.0,6180.029296875,27.0
BKB12_91,BKB,6067.0,6136.962890625,27.0
BKB12_92,BKB,6071.0,6201.5625,27.0
BKB12_94,BKB,5990.0,6136.962890625,27.0
BKB12_96,BKB,5981.0,6158.49609375,27.0
BKB12_97,BKB,5895.0,6093.896484375,27.0
BKB12_98,BKB,5877.0,6158.49609375,27.0
BKB12_100,BKB,5912.0,6136.962890625,27.0
BKB12_106,BKB,6066.0,6050.830078125,27.0
BKB12_107,BKB,6042.0,6158.49609375,27.0
BKB12_109,BKB,6006.0,6180.029296875,27.0
BKB12_119,BKB,6131.0,6136.962890625,27.0
BKB12_121,BKB,6150.0,6180.029296875,27.0
BKB12_123,BKB,5873.0,6029.296875,27.0
BKB12_126,BKB,6038.0,6201.5625,27.0
BKB12_128,BKB,5931.0,6158.49609375,27.0
BKB12_130,BKB,6057.0,6201.5625,27.0
BKB12_132,BKB,6146.0,6180.029296875,27.0
BKB12_134,BKB,6033.0,5813.96484375,27.0
BKB12_140,BKB,5805.0,5792.431640625,27.0
BKB12_142,BKB,5867.0,5835.498046875,27.0
BKB12_143,BKB,5996.0,5835.498046875,27.0
BKB12_145,BKB,6028.0,5986.23046875,27.0
BKB12_148,BKB,6036.0,6007.763671875,27.0
BKB12_150,BKB,5992.0,5986.23046875,27.0
BKB12_151,BKB,6508.0,5792.431640625,27.0
BKB12_171,BKB,5800.0,6093.896484375,27.0
BKB12_216,BKB,5950.0,5986.23046875,27.0
BKB12_221,BKB,5921.0,6180.029296875,27.0
BKB12_228,BKB,5774.0,6072.36328125,27.0
BKB12_245,BKB,5900.0,6158.49609375,27.0
BKB12_248,BKB,5944.0,6180.029296875,27.0
BKB12_266,BKB,5921.0,6029.296875,27.0
BKB12_273,BKB,5928.0,6158.49609375,27.0
BKB12_275,BKB,5989.0,6115.4296875,27.0
BKB12_283,BKB,5889.0,6136.962890625,27.0
BKB12_288,BKB,6085.0,6180.029296875,27.0
BKB12_291,BKB,5948.0,6007.763671875,27.0
BKB12_293,BKB,6078.0,6029.296875,27.0
BKB12_295,BKB,5833.0,5900.09765625,27.0
BKB12_297,BKB,5990.0,6158.49609375,27.0
BKB12_298,BKB,6072.0,5900.09765625,27.0
BKB12_299,BKB,5856.0,6115.4296875,27.0
BKB12_310,BKB,6012.0,6093.896484375,27.0
BKB12_312,BKB,5977.0,6029.296875,27.0
BKB12_314,BKB,5962.0,6050.830078125,27.0
BKB12_316,BKB,6118.0,6029.296875,27.0
BKB12_324,BKB,5997.0,6007.763671875,27.0
BKB12_337,BKB,5800.0,5964.697265625,27.0
BKB12_338,BKB,5846.0,6223.095703125,27.0
LPL21_0,LPL,5471.0,5900.09765625,30.4
LPL21_1,LPL,5129.0,5900.09765625,30.4
LPL21_2,LPL,5389.0,5878.564453125,30.4
LPL21_3,LPL,5526.0,5921.630859375,30.4
LPL21_4,LPL,5287.0,5813.96484375,30.4
LPL21_5,LPL,5668.0,5857.03125,30.4
LPL21_6,LPL,5708.0,5900.09765625,30.4
LPL21_7,LPL,5560.0,5878.564453125,30.4
LPL21_8,LPL,5618.0,5878.564453125,30.4
LPL21_9,LPL,5427.0,5857.03125,30.4
LPL21_10,LPL,5549.0,5900.09765625,30.4
LPL21_11,LPL,5662.0,5813.96484375,30.4
LPL21_13,LPL,5799.0,5857.03125,30.4
LPL21_14,LPL,5655.0,5921.630859375,30.4
LPL21_15,LPL,5501.0,5878.564453125,30.4
LPL21_16,LPL,5591.0,5900.09765625,30.4
LPL21_17,LPL,5467.0,5878.564453125,30.4
LPL21_18,LPL,5499.0,5857.03125,30.4
LPL21_19,LPL,5434.0,5770.8984375,30.4
LPL21_20,LPL,5433.0,5964.697265625,30.4
LPL21_21,LPL,5625.0,5964.697265625,30.4
LPL21_22,LPL,5542.0,5857.03125,30.4
LPL21_23,LPL,5327.0,5813.96484375,30.4
LPL21_24,LPL,5699.0,5900.09765625,30.4
LPL21_25,LPL,5476.0,5857.03125,30.4
LPL21_26,LPL,5386.0,5878.564453125,30.4
LPL21_27,LPL,5657.0,5857.03125,30.4
LPL21_28,LPL,5636.0,5835.498046875,30.4
LPL21_29,LPL,5704.0,5835.498046875,30.4
LPL21_30,LPL,5768.0,5835.498046875,30.4
LPL21_31,LPL,5769.0,5921.630859375,30.4
LPL21_33,LPL,5783.0,5857.03125,30.4
LPL21_34,LPL,5389.0,6115.4296875,30.4
LPL21_35,LPL,5673.0,5792.431640625,30.4
LPL21_36,LPL,5535.0,5878.564453125,30.4
LPL21_37,LPL,5751.0,5878.564453125,30.4
LPL21_38,LPL,5241.0,5857.03125,30.4
LPL21_39,LPL,5585.0,5813.96484375,30.4
LPL21_40,LPL,5510.0,5835.498046875,30.4
LPL21_42,LPL,5451.0,5900.09765625,30.4
LPL21_43,LPL,5627.0,5792.431640625,30.4
LPL21_44,LPL,5183.0,6136.962890625,30.4
LPL21_45,LPL,5527.0,5857.03125,30.4
LPL21_46,LPL,5496.0,5943.1640625,30.4
LPL21_47,LPL,5624.0,5857.03125,30.4
LPL21_48,LPL,5478.0,5727.83203125,30.4
LPL21_49,LPL,5507.0,5878.564453125,30.4
LPL21_50,LPL,5561.0,5900.09765625,30.4
LPL21_51,LPL,5534.0,5900.09765625,30.4
LPL21_52,LPL,5565.0,5878.564453125,30.4
LPL21_53,LPL,5446.0,5770.8984375,30.4
LPL21_54,LPL,5601.0,5813.96484375,30.4
LPL21_55,LPL,5467.0,6136.962890625,30.4
LPL21_56,LPL,5793.0,5878.564453125,30.4
LPL21_57,LPL,5531.0,5749.365234375,30.4
LPL21_58,LPL,5613.0,6136.962890625,30.4
LPL21_59,LPL,5508.0,5813.96484375,30.4
LPL21_60,LPL,5638.0,6136.962890625,30.4
LPL21_61,LPL,5835.0,6136.962890625,30.4
LPL21_62,LPL,5622.0,5792.431640625,30.4
LPL21_63,LPL,5482.0,6136.962890625,30.4
LPL21_64,LPL,5766.0,6136.962890625,30.4
LPL21_65,LPL,5605.0,5857.03125,30.4
LPL21_66,LPL,5726.0,5878.564453125,30.4
LPL21_67,LPL,5683.0,5663.232421875,30.4
LPL21_68,LPL,5752.0,5835.498046875,30.4
LPL21_69,LPL,5675.0,5835.498046875,30.4
LPL21_70,LPL,5572.0,5792.431640625,30.4
LPL21_71,LPL,5532.0,5835.498046875,30.4
LPL21_72,LPL,5587.0,5813.96484375,30.4
LPL21_73,LPL,5795.0,5857.03125,30.4
LPL21_74,LPL,5672.0,6115.4296875,30.4
LPL21_75,LPL,5723.0,5878.564453125,30.4
LPL21_76,LPL,5671.0,5878.564453125,30.4
LPL21_77,LPL,5570.0,5857.03125,30.4
LPL21_78,LPL,5522.0,5835.498046875,30.4
LPL21_79,LPL,5882.0,5770.8984375,30.4
LPL21_80,LPL,5761.0,5770.8984375,30.4
LPL21_81,LPL,5882.0,6136.962890625,30.4
LPL21_82,LPL,5622.0,6136.962890625,30.4
LPL21_83,LPL,5571.0,6136.962890625,30.4
LPL21_84,LPL,5595.0,6158.49609375,30.4
LPL21_85,LPL,5574.0,6115.4296875,30.4
LPL21_87,LPL,5805.0,5813.96484375,30.4
LPL21_88,LPL,5891.0,6093.896484375,30.4
LPL21_89,LPL,5608.0,6050.830078125,30.4
LPL21_91,LPL,5719.0,6093.896484375,30.4
LPL21_92,LPL,5694.0,6115.4296875,30.4
LPL21_93,LPL,5618.0,5857.03125,30.4
LPL21_94,LPL,5839.0,5706.298828125,30.4
LPL21_95,LPL,5542.0,6115.4296875,30.4
LPL21_96,LPL,5510.0,5749.365234375,30.4
LPL21_97,LPL,5417.0,5663.232421875,30.4
LPL21_98,LPL,5716.0,5813.96484375,30.4
LPL21_99,LPL,5586.0,5921.630859375,30.4
LPL21_100,LPL,5345.0,6115.4296875,30.4
LPL21_101,LPL,5631.0,5878.564453125,30.4
LPL21_102,LPL,5495.0,6093.896484375,30.4
LPL21_104,LPL,5720.0,5835.498046875,30.4
LPL21_105,LPL,5713.0,5706.298828125,30.4
LPL21_106,LPL,5830.0,5727.83203125,30.4
LPL21_107,LPL,5853.0,5577.099609375,30.4
LPL21_109,LPL,5726.0,5857.03125,30.4
LPL21_110,LPL,5702.0,5835.498046875,30.4
LPL21_111,LPL,5656.0,5857.03125,30.4
LPL21_112,LPL,5723.0,6093.896484375,30.4
LPL21_113,LPL,5510.0,5835.498046875,30.4
LPL21_114,LPL,5588.0,5792.431640625,30.4
LPL21_115,LPL,5729.0,5900.09765625,30.4
LPL21_116,LPL,5643.0,5663.232421875,30.4
LPL21_117,LPL,5593.0,5813.96484375,30.4
LPL21_118,LPL,5889.0,5620.166015625,30.4
LPL21_119,LPL,5738.0,6136.962890625,30.4
LPL21_120,LPL,5603.0,5857.03125,30.4
LPL21_121,LPL,5533.0,5598.6328125,30.4
LPL21_122,LPL,5716.0,5943.1640625,30.4
LPL21_123,LPL,5466.0,5727.83203125,30.4
LPL21_124,LPL,5620.0,5878.564453125,30.4
LPL21_125,LPL,5453.0,5598.6328125,30.4
LPL21_126,LPL,5657.0,5921.630859375,30.4
LPL21_127,LPL,5564.0,5878.564453125,30.4
LPL21_133,LPL,5935.0,5598.6328125,30.4
LPL21_134,LPL,5786.0,5835.498046875,30.4
LPL21_135,LPL,5871.0,5921.630859375,30.4
LPL21_136,LPL,5879.0,5620.166015625,30.4
LPL21_138,LPL,5831.0,5792.431640625,30.4
LPL21_140,LPL,5760.0,5835.498046875,30.4
LPL21_141,LPL,5749.0,5684.765625,30.4
LPL21_142,LPL,5656.0,5813.96484375,30.4
LPL21_143,LPL,5728.0,5835.498046875,30.4
LPL21_144,LPL,5772.0,5921.630859375,30.4
LPL21_145,LPL,5794.0,6136.962890625,30.4
LPL21_146,LPL,5525.0,6136.962890625,30.4
LPL21_147,LPL,5720.0,5835.498046875,30.4
LPL21_148,LPL,5658.0,5727.83203125,30.4
LPL21_149,LPL,5396.0,6136.962890625,30.4
LPL21_150,LPL,5732.0,5943.1640625,30.4
LPL21_151,LPL,5791.0,5857.03125,30.4
LPL21_152,LPL,5726.0,5943.1640625,30.4
LPL21_153,LPL,5573.0,5749.365234375,30.4
LPL21_154,LPL,5632.0,5857.03125,30.4
LPL21_155,LPL,5508.0,5835.498046875,30.4
LPL21_157,LPL,5800.0,5620.166015625,30.4
LPL21_158,LPL,5760.0,5878.564453125,30.4
LPL21_159,LPL,5466.0,5577.099609375,30.4
LPL21_160,LPL,5950.0,5921.630859375,30.4
LPL21_161,LPL,5839.0,5620.166015625,30.4
LPL21_162,LPL,5454.0,5857.03125,30.4
LPL21_163,LPL,5356.0,5706.298828125,30.4
LPL21_164,LPL,5667.0,5921.630859375,30.4
LPL21_165,LPL,5465.0,5727.83203125,30.4
LPL21_166,LPL,5759.0,5878.564453125,30.4
LPL21_167,LPL,5716.0,5792.431640625,30.4
LPL21_168,LPL,5560.0,5727.83203125,30.4
LPL21_169,LPL,5727.0,5749.365234375,30.4
LPL21_170,LPL,5491.0,5663.232421875,30.4
LPL21_171,LPL,5510.0,5792.431640625,30.4
LPL21_172,LPL,5577.0,5727.83203125,30.4
LPL21_173,LPL,5602.0,5706.298828125,30.4
LPL21_174,LPL,5770.0,5598.6328125,30.4
LPL21_175,LPL,5592.0,6093.896484375,30.4
LPL21_176,LPL,5805.0,5878.564453125,30.4
LPL21_177,LPL,5240.0,5663.232421875,30.4
LPL21_178,LPL,5747.0,6115.4296875,30.4
LPL21_179,LPL,5583.0,5857.03125,30.4
LPL21_180,LPL,5797.0,6136.962890625,30.4
LPL21_181,LPL,5534.0,5663.232421875,30.4
LPL21_182,LPL,5458.0,6115.4296875,30.4
LPL21_183,LPL,5405.0,6136.962890625,30.4
LPL21_184,LPL,5632.0,6136.962890625,30.4
LPL21_185,LPL,5567.0,5663.232421875,30.4
LPL21_186,LPL,5688.0,5835.498046875,30.4
LPL21_187,LPL,5781.0,6115.4296875,30.4
LPL21_188,LPL,5632.0,5684.765625,30.4
LPL21_189,LPL,5552.0,6136.962890625,30.4
LPL21_190,LPL,5589.0,6136.962890625,30.4
LPL21_191,LPL,5645.0,6115.4296875,30.4
LPL21_192,LPL,5502.0,5943.1640625,30.4
LPL21_193,LPL,5649.0,6115.4296875,30.4
LPL21_194,LPL,5727.0,5598.6328125,30.4
LPL21_195,LPL,5756.0,6136.962890625,30.4
LPL21_196,LPL,5764.0,6136.962890625,30.4
LPL21_197,LPL,5514.0,6136.962890625,30.4
LPL21_198,LPL,5531.0,5857.03125,30.4
LPL21_199,LPL,5456.0,5857.03125,30.4
LPL21_200,LPL,5628.0,5857.03125,30.4
LPL21_201,LPL,5663.0,5921.630859375,30.4
LPL21_202,LPL,5590.0,5900.09765625,30.4
LPL21_203,LPL,5440.0,5749.365234375,30.4
LPL21_204,LPL,5630.0,5835.498046875,30.4
LPL21_206,LPL,5759.0,5813.96484375,30.4
LPL21_207,LPL,5553.0,5792.431640625,30.4
LPL21_208,LPL,5785.0,5792.431640625,30.4
LPL21_209,LPL,5758.0,5684.765625,30.4
LPL21_210,LPL,5693.0,5684.765625,30.4
LPL21_211,LPL,5792.0,6115.4296875,30.4
LPL21_212,LPL,5728.0,5943.1640625,30.4
LPL21_213,LPL,5630.0,6136.962890625,30.4
LPL21_214,LPL,5707.0,6115.4296875,30.4
LPL21_215,LPL,5775.0,6115.4296875,30.4
LPL21_216,LPL,5784.0,6093.896484375,30.4
LPL21_217,LPL,5712.0,6136.962890625,30.4
LPL21_218,LPL,5800.0,6136.962890625,30.4
LPL21_219,LPL,5827.0,5598.6328125,30.4
LPL21_220,LPL,5805.0,6136.962890625,30.4
LPL21_221,LPL,5572.0,5577.099609375,30.4
LPL21_222,LPL,5855.0,6136.962890625,30.4
LPL21_223,LPL,5779.0,5727.83203125,30.4
LPL21_225,LPL,5820.0,6136.962890625,30.4
LPL21_226,LPL,5826.0,6136.962890625,30.4
LPL21_227,LPL,5687.0,6136.962890625,30.4
LPL21_228,LPL,5509.0,6115.4296875,30.4
LPL21_229,LPL,5848.0,5943.1640625,30.4
LPL21_230,LPL,5695.0,6115.4296875,30.4
LPL21_231,LPL,5814.0,5770.8984375,30.4
LPL21_232,LPL,5562.0,5857.03125,30.4
LPL21_233,LPL,5575.0,5878.564453125,30.4
LPL21_234,LPL,5636.0,6136.962890625,30.4
LPL21_237,LPL,5891.0,6136.962890625,30.4
LPL21_238,LPL,5575.0,5900.09765625,30.4
LPL21_239,LPL,5761.0,5577.099609375,30.4
LPL21_240,LPL,5602.0,5813.96484375,30.4
LPL21_241,LPL,5849.0,6136.962890625,30.4
LPL21_242,LPL,5946.0,5943.1640625,30.4
LPL21_243,LPL,5811.0,5943.1640625,30.4
LPL21_244,LPL,5612.0,5857.03125,30.4
LPL21_245,LPL,5881.0,5857.03125,30.4
LPL21_246,LPL,5265.0,6115.4296875,30.4
LPL21_247,LPL,5692.0,5835.498046875,30.4
LPL21_248,LPL,5693.0,5878.564453125,30.4
LPL21_249,LPL,5498.0,5900.09765625,30.4
LPL21_250,LPL,5754.0,5943.1640625,30.4
LPL21_251,LPL,5647.0,5900.09765625,30.4
LPL21_252,LPL,5617.0,5900.09765625,30.4
LPL21_253,LPL,5699.0,5943.1640625,30.4
LPL21_254,LPL,5493.0,6136.962890625,30.4
LPL21_255,LPL,5916.0,5921.630859375,30.4
LPL21_256,LPL,5682.0,6136.962890625,30.4
LPL21_257,LPL,5617.0,5857.03125,30.4
LPL21_258,LPL,5686.0,5813.96484375,30.4
LPL21_259,LPL,5756.0,5900.09765625,30.4
LPL21_260,LPL,5809.0,6136.962890625,30.4
LPL21_263,LPL,5668.0,5921.630859375,30.4
LPL21_264,LPL,5656.0,5770.8984375,30.4
LPL21_265,LPL,5699.0,5857.03125,30.4
LPL21_266,LPL,5797.0,5943.1640625,30.4
LPL21_267,LPL,5871.0,5921.630859375,30.4
LPL21_268,LPL,5727.0,6093.896484375,30.4
LPL21_269,LPL,5508.0,6136.962890625,30.4
LPL21_270,LPL,5566.0,6136.962890625,30.4
LPL21_271,LPL,5481.0,6115.4296875,30.4
LPL21_272,LPL,5758.0,5921.630859375,30.4
LPL21_273,LPL,5721.0,5598.6328125,30.4
LPL21_274,LPL,5616.0,5878.564453125,30.4
LPL21_275,LPL,5808.0,5878.564453125,30.4
LPL21_276,LPL,5776.0,5555.56640625,30.4
LPL21_277,LPL,5690.0,5835.498046875,30.4
LPL21_279,LPL,5645.0,6136.962890625,30.4
LPL21_280,LPL,5771.0,5792.431640625,30.4
LPL21_281,LPL,5902.0,5878.564453125,30.4
LPL21_282,LPL,5718.0,5577.099609375,30.4
LPL21_284,LPL,5814.0,5878.564453125,30.4
LPL21_285,LPL,5520.0,6115.4296875,30.4
LPL21_286,LPL,5937.0,5943.1640625,30.4
LPL21_288,LPL,5582.0,5684.765625,30.4
LPL21_289,LPL,5838.0,6115.4296875,30.4
LPL21_291,LPL,5977.0,5900.09765625,30.4
LPL21_292,LPL,5708.0,5900.09765625,30.4
LPL21_293,LPL,5862.0,5813.96484375,30.4
LPL21_294,LPL,5783.0,6115.4296875,30.4
LPL21_296,LPL,5836.0,6115.4296875,30.4
LPL21_297,LPL,5807.0,5706.298828125,30.4
LPL21_298,LPL,5672.0,6158.49609375,30.4
LPL21_299,LPL,5885.0,5921.630859375,30.4
LPL21_300,LPL,5279.0,5857.03125,30.4
LPL21_301,LPL,5634.0,5943.1640625,30.4
LPL21_302,LPL,5616.0,5921.630859375,30.4
LPL21_303,LPL,5693.0,5921.630859375,30.4
LPL21_304,LPL,5705.0,5620.166015625,30.4
LPL21_305,LPL,5884.0,5921.630859375,30.4
LPL21_306,LPL,5467.0,6136.962890625,30.4
LPL21_307,LPL,5917.0,5943.1640625,30.4
LPL21_308,LPL,5460.0,5835.498046875,30.4
LPL21_309,LPL,5423.0,6136.962890625,30.4
LPL21_310,LPL,5988.0,5964.697265625,30.4
LPL21_311,LPL,5672.0,5900.09765625,30.4
LPL21_312,LPL,5644.0,5943.1640625,30.4
LPL21_313,LPL,5767.0,6115.4296875,30.4
LPL21_314,LPL,5757.0,6093.896484375,30.4
LPL21_315,LPL,5758.0,5813.96484375,30.4
LPL21_316,LPL,5687.0,5878.564453125,30.4
LPL21_317,LPL,5709.0,6115.4296875,30.4
LPL21_318,LPL,5867.0,5900.09765625,30.4
LPL21_319,LPL,5814.0,5964.697265625,30.4
LPL21_321,LPL,5910.0,5706.298828125,30.4
LPL21_322,LPL,5862.0,5749.365234375,30.4
LPL21_323,LPL,5868.0,5727.83203125,30.4
LPL21_324,LPL,5757.0,6115.4296875,30.4
LPL21_325,LPL,5699.0,5857.03125,30.4
LPL21_326,LPL,5715.0,5878.564453125,30.4
LPL21_327,LPL,5679.0,5813.96484375,30.4
LPL21_328,LPL,5879.0,6136.962890625,30.4
LPL21_329,LPL,5851.0,5857.03125,30.4
LPL21_330,LPL,5506.0,5857.03125,30.4
LPL21_331,LPL,5650.0,5792.431640625,30.4
LPL21_332,LPL,5780.0,5813.96484375,30.4
LPL21_333,LPL,5793.0,5770.8984375,30.4
LPL21_334,LPL,5965.0,5641.69921875,30.4
LPL21_335,LPL,5895.0,5598.6328125,30.4
LPL21_336,LPL,5804.0,5620.166015625,30.4
LPL21_337,LPL,5791.0,5921.630859375,30.4
LPL21_338,LPL,5669.0,5835.498046875,30.4
LPL21_339,LPL,5801.0,5857.03125,30.4
LPL21_341,LPL,5440.0,5900.09765625,30.4
RBB13_0,RBB,6645.0,5641.69921875,27.0
RBB13_1,RBB,6601.0,5663.232421875,27.0
RBB13_2,RBB,6520.0,5620.166015625,27.0
RBB13_3,RBB,6570.0,5706.298828125,27.0
RBB13_4,RBB,6499.0,5706.298828125,27.0
RBB13_5,RBB,6576.0,5663.232421875,27.0
RBB13_7,RBB,6487.0,5684.765625,27.0
RBB13_8,RBB,6604.0,5663.232421875,27.0
RBB13_9,RBB,6674.0,5641.69921875,27.0
RBB13_10,RBB,6524.0,5684.765625,27.0
RBB13_11,RBB,6585.0,5706.298828125,27.0
RBB13_13,RBB,6756.0,5986.23046875,27.0
RBB13_14,RBB,6595.0,5684.765625,27.0
RBB13_15,RBB,6590.0,5663.232421875,27.0
RBB13_16,RBB,6582.0,5620.166015625,27.0
RBB13_17,RBB,6703.0,5684.765625,27.0
RBB13_18,RBB,6445.0,5706.298828125,27.0
RBB13_19,RBB,6554.0,5663.232421875,27.0
RBB13_20,RBB,6672.0,5684.765625,27.0
RBB13_21,RBB,6583.0,5684.765625,27.0
RBB13_22,RBB,6640.0,5663.232421875,27.0
RBB13_23,RBB,6577.0,5663.232421875,27.0
RBB13_25,RBB,6792.0,5727.83203125,27.0
RBB13_26,RBB,6546.0,5727.83203125,27.0
RBB13_28,RBB,6748.0,5727.83203125,27.0
RBB13_29,RBB,6556.0,5727.83203125,27.0
RBB13_30,RBB,6509.0,5641.69921875,27.0
RBB13_31,RBB,6578.0,5663.232421875,27.0
RBB13_32,RBB,6651.0,5727.83203125,27.0
RBB13_33,RBB,6379.0,5641.69921875,27.0
RBB13_35,RBB,6491.0,5641.69921875,27.0
RBB13_36,RBB,6671.0,5706.298828125,27.0
RBB13_38,RBB,6664.0,5620.166015625,27.0
RBB13_40,RBB,6583.0,5727.83203125,27.0
RBB13_41,RBB,6674.0,5749.365234375,27.0
RBB13_42,RBB,6632.0,5706.298828125,27.0
RBB13_43,RBB,6686.0,5663.232421875,27.0
RBB13_44,RBB,6644.0,5749.365234375,27.0
RBB13_45,RBB,6534.0,5727.83203125,27.0
RBB13_46,RBB,6635.0,5620.166015625,27.0
RBB13_48,RBB,6469.0,5620.166015625,27.0
RBB13_50,RBB,6803.0,5598.6328125,27.0
RBB13_52,RBB,6549.0,5641.69921875,27.0
RBB13_53,RBB,6611.0,5663.232421875,27.0
RBB13_54,RBB,6744.0,5727.83203125,27.0
RBB13_55,RBB,6447.0,5641.69921875,27.0
RBB13_56,RBB,6619.0,5684.765625,27.0
RBB13_57,RBB,6537.0,5663.232421875,27.0
RBB13_59,RBB,6661.0,5641.69921875,27.0
RBB13_60,RBB,6651.0,5706.298828125,27.0
RBB13_61,RBB,6610.0,6007.763671875,27.0
RBB13_62,RBB,6405.0,5663.232421875,27.0
RBB13_63,RBB,6439.0,5641.69921875,27.0
RBB13_64,RBB,6538.0,5749.365234375,27.0
RBB13_65,RBB,6691.0,5641.69921875,27.0
RBB13_66,RBB,6486.0,5663.232421875,27.0
RBB13_67,RBB,6716.0,5641.69921875,27.0
RBB13_68,RBB,6603.0,5684.765625,27.0
RBB13_69,RBB,6679.0,5684.765625,27.0
RBB13_71,RBB,6588.0,5663.232421875,27.0
RBB13_72,RBB,6773.0,5727.83203125,27.0
RBB13_73,RBB,6423.0,5663.232421875,27.0
RBB13_75,RBB,6532.0,5663.232421875,27.0
RBB13_78,RBB,6586.0,5663.232421875,27.0
RBB13_79,RBB,6449.0,5641.69921875,27.0
RBB13_80,RBB,6521.0,5620.166015625,27.0
RBB13_83,RBB,6623.0,5663.232421875,27.0
RBB13_84,RBB,6455.0,5641.69921875,27.0
RBB13_86,RBB,6717.0,5663.232421875,27.0
RBB13_87,RBB,6693.0,5684.765625,27.0
RBB13_88,RBB,6608.0,5684.765625,27.0
RBB13_90,RBB,6699.0,5964.697265625,27.0
RBB13_91,RBB,6518.0,5663.232421875,27.0
RBB13_92,RBB,6609.0,5684.765625,27.0
RBB13_94,RBB,6645.0,5598.6328125,27.0
RBB13_95,RBB,6689.0,5641.69921875,27.0
RBB13_96,RBB,6622.0,5598.6328125,27.0
RBB13_97,RBB,6546.0,5641.69921875,27.0
RBB13_99,RBB,6713.0,5641.69921875,27.0
RBB13_100,RBB,6752.0,6007.763671875,27.0
RBB13_103,RBB,6695.0,5663.232421875,27.0
RBB13_105,RBB,6657.0,5620.166015625,27.0
RBB13_106,RBB,6692.0,5663.232421875,27.0
RBB13_108,RBB,6536.0,5706.298828125,27.0
RBB13_109,RBB,6559.0,5641.69921875,27.0
RBB13_110,RBB,6595.0,5641.69921875,27.0
RBB13_111,RBB,6663.0,5663.232421875,27.0
RBB13_112,RBB,6651.0,5964.697265625,27.0
RBB13_113,RBB,6508.0,5641.69921875,27.0
RBB13_114,RBB,6540.0,5706.298828125,27.0
RBB13_115,RBB,6888.0,5620.166015625,27.0
RBB13_116,RBB,6555.0,5964.697265625,27.0
RBB13_117,RBB,6502.0,5663.232421875,27.0
RBB13_118,RBB,6853.0,5964.697265625,27.0
RBB13_119,RBB,6423.0,5620.166015625,27.0
RBB13_120,RBB,6572.0,5706.298828125,27.0
RBB13_121,RBB,6658.0,5641.69921875,27.0
RBB13_122,RBB,6583.0,5706.298828125,27.0
RBB13_124,RBB,6651.0,5706.298828125,27.0
RBB13_125,RBB,6590.0,5663.232421875,27.0
RBB13_126,RBB,6679.0,5663.232421875,27.0
RBB13_127,RBB,6476.0,5706.298828125,27.0
RBB13_128,RBB,6625.0,5706.298828125,27.0
RBB13_130,RBB,6800.0,5986.23046875,27.0
RBB13_131,RBB,6600.0,5684.765625,27.0
RBB13_132,RBB,6676.0,5684.765625,27.0
RBB13_134,RBB,6774.0,5727.83203125,27.0
RBB13_135,RBB,6420.0,5684.765625,27.0
RBB13_136,RBB,6686.0,5727.83203125,27.0
RBB13_137,RBB,6673.0,5663.232421875,27.0
RBB13_138,RBB,6676.0,5727.83203125,27.0
RBB13_139,RBB,6555.0,5684.765625,27.0
RBB13_141,RBB,6696.0,5684.765625,27.0
RBB13_142,RBB,6586.0,5727.83203125,27.0
RBB13_143,RBB,6640.0,5727.83203125,27.0
RBB13_144,RBB,6653.0,5684.765625,27.0
RBB13_146,RBB,6514.0,5749.365234375,27.0
RBB13_147,RBB,6430.0,5727.83203125,27.0
RBB13_148,RBB,6827.0,5706.298828125,27.0
RBB13_149,RBB,6409.0,5727.83203125,27.0
RBB13_150,RBB,6675.0,5792.431640625,27.0
RBB13_153,RBB,6532.0,5921.630859375,27.0
RBB13_154,RBB,6609.0,5986.23046875,27.0
RBB13_155,RBB,6480.0,5921.630859375,27.0
RBB13_156,RBB,6643.0,5986.23046875,27.0
RBB13_157,RBB,6738.0,5749.365234375,27.0
RBB13_158,RBB,6642.0,6007.763671875,27.0
RBB13_160,RBB,6702.0,5749.365234375,27.0
RBB13_161,RBB,6625.0,5749.365234375,27.0
RBB13_163,RBB,6688.0,5727.83203125,27.0
RBB13_164,RBB,6645.0,5749.365234375,27.0
RBB13_165,RBB,6739.0,5770.8984375,27.0
RBB13_167,RBB,6260.0,5835.498046875,27.0
RBB13_168,RBB,6693.0,6007.763671875,27.0
RBB13_169,RBB,6541.0,5727.83203125,27.0
RBB13_173,RBB,6749.0,5770.8984375,27.0
RBB13_175,RBB,6481.0,5727.83203125,27.0
RBB13_176,RBB,6763.0,5706.298828125,27.0
RBB13_177,RBB,6661.0,5684.765625,27.0
RBB13_178,RBB,6661.0,5706.298828125,27.0
RBB13_179,RBB,6599.0,5641.69921875,27.0
RBB13_180,RBB,6622.0,5641.69921875,27.0
RBB13_181,RBB,6721.0,5706.298828125,27.0
RBB13_182,RBB,6504.0,5641.69921875,27.0
RBB13_184,RBB,6666.0,5727.83203125,27.0
RBB13_185,RBB,6538.0,5684.765625,27.0
RBB13_186,RBB,6569.0,5727.83203125,27.0
RBB13_187,RBB,6718.0,5641.69921875,27.0
RBB13_188,RBB,6521.0,5684.765625,27.0
RBB13_189,RBB,6645.0,5663.232421875,27.0
RBB13_190,RBB,6431.0,5620.166015625,27.0
RBB13_194,RBB,6648.0,5727.83203125,27.0
RBB13_195,RBB,6542.0,5663.232421875,27.0
RBB13_196,RBB,6661.0,5727.83203125,27.0
RBB13_197,RBB,6565.0,5620.166015625,27.0
RBB13_199,RBB,6685.0,5684.765625,27.0
RBB13_200,RBB,6593.0,5663.232421875,27.0
RBB13_201,RBB,6630.0,5663.232421875,27.0
RBB13_202,RBB,6629.0,5663.232421875,27.0
RBB13_205,RBB,6513.0,5706.298828125,27.0
RBB13_206,RBB,6732.0,5620.166015625,27.0
RBB13_207,RBB,6647.0,5684.765625,27.0
RBB13_208,RBB,6549.0,5706.298828125,27.0
RBB13_209,RBB,6631.0,5663.232421875,27.0
RBB13_210,RBB,6576.0,5749.365234375,27.0
RBB13_211,RBB,6601.0,5684.765625,27.0
RBB13_212,RBB,6641.0,5598.6328125,27.0
RBB13_215,RBB,6650.0,5641.69921875,27.0
RBB13_216,RBB,6620.0,5620.166015625,27.0
RBB13_217,RBB,6657.0,5706.298828125,27.0
RBB13_218,RBB,6671.0,5641.69921875,27.0
RBB13_219,RBB,6847.0,5727.83203125,27.0
RBB13_220,RBB,6321.0,5684.765625,27.0
RBB13_221,RBB,6790.0,5706.298828125,27.0
RBB13_222,RBB,6645.0,5641.69921875,27.0
RBB13_223,RBB,6730.0,5684.765625,27.0
RBB13_224,RBB,6402.0,5684.765625,27.0
RBB13_225,RBB,6611.0,5641.69921875,27.0
RBB13_226,RBB,6523.0,5727.83203125,27.0
RBB13_227,RBB,6724.0,5727.83203125,27.0
RBB13_228,RBB,6749.0,5706.298828125,27.0
RBB13_229,RBB,6619.0,5641.69921875,27.0
RBB13_231,RBB,6680.0,5684.765625,27.0
RBB13_232,RBB,6709.0,5641.69921875,27.0
RBB13_234,RBB,6700.0,5706.298828125,27.0
RBB13_235,RBB,6649.0,5749.365234375,27.0
RBB13_239,RBB,6669.0,5684.765625,27.0
RBB13_240,RBB,6701.0,5641.69921875,27.0
RBB13_241,RBB,6498.0,5684.765625,27.0
RBB13_242,RBB,6748.0,5706.298828125,27.0
RBB13_243,RBB,6624.0,5706.298828125,27.0
RBB13_244,RBB,6604.0,5727.83203125,27.0
RBB13_247,RBB,6647.0,5598.6328125,27.0
RBB13_248,RBB,6670.0,5641.69921875,27.0
RBB13_250,RBB,6607.0,5641.69921875,27.0
RBB13_251,RBB,6680.0,5663.232421875,27.0
RBB13_252,RBB,6739.0,5986.23046875,27.0
RBB13_253,RBB,6668.0,5684.765625,27.0
RBB13_254,RBB,6593.0,5706.298828125,27.0
RBB13_255,RBB,6668.0,5727.83203125,27.0
RBB13_256,RBB,6657.0,5727.83203125,27.0
RBB13_258,RBB,6827.0,5684.765625,27.0
RBB13_259,RBB,6672.0,5878.564453125,27.0
RBB13_260,RBB,6612.0,5598.6328125,27.0
RBB13_261,RBB,6346.0,5706.298828125,27.0
