sample_1,sample_2,ID_sample_1,ID_sample_2,label
BKB12_88,BKB12_11,BKB,BKB,1.0
RBB11_0,RBB11_143,RBB,RBB,1.0
LPL11_243,LPL11_243,RBB,LPL,0.0
BKB12_131,BKB12_122,BKB,BKB,1.0
RBB11_189,RBB11_189,LPL,RBB,0.0
LPL11_76,LPL11_76,RBB,LPL,0.0
LPL11_165,LPL11_165,RBB,LPL,0.0
BKB12_150,BKB12_150,RBB,BKB,0.0
RBB11_335,RBB11_9,RBB,RBB,1.0
BKB12_361,BKB12_361,RBB,BKB,0.0
LPL11_160,LPL11_160,RBB,LPL,0.0
LPL11_346,LPL11_240,LPL,LPL,1.0
RBB13_241,RBB13_317,RBB,RBB,1.0
LPL11_235,LPL11_45,LPL,LPL,1.0
RBB13_354,RBB13_354,LPL,RBB,0.0
RBB13_289,RBB11_286,RBB,RBB,1.0
RBB13_250,RBB13_239,RBB,RBB,1.0
LPL11_283,LPL11_325,LPL,LPL,1.0
LPL11_294,LPL11_136,LPL,LPL,1.0
RBB11_328,RBB11_328,BKB,RBB,0.0
RBB11_0,RBB11_0,LPL,RBB,0.0
RBB11_16,RBB11_16,BKB,RBB,0.0
RBB13_98,RBB11_81,RBB,RBB,1.0
BKB12_192,BKB12_270,BKB,BKB,1.0
BKB12_207,BKB12_333,BKB,BKB,1.0
LPL11_292,LPL11_148,LPL,LPL,1.0
BKB12_72,BKB12_221,BKB,BKB,1.0
BKB12_273,BKB12_273,LPL,BKB,0.0
LPL11_26,LPL11_26,RBB,LPL,0.0
RBB11_115,RBB13_319,RBB,RBB,1.0
RBB11_346,RBB13_96,RBB,RBB,1.0
LPL11_116,LPL11_203,LPL,LPL,1.0
RBB11_247,RBB11_247,LPL,RBB,0.0
BKB12_245,BKB12_245,RBB,BKB,0.0
BKB12_147,BKB12_147,RBB,BKB,0.0
BKB12_345,BKB12_48,BKB,BKB,1.0
RBB11_261,RBB11_301,RBB,RBB,1.0
BKB12_304,BKB12_304,RBB,BKB,0.0
LPL11_315,LPL11_315,RBB,LPL,0.0
RBB11_79,RBB13_162,RBB,RBB,1.0
RBB11_78,RBB11_125,RBB,RBB,1.0
RBB11_97,RBB11_97,LPL,RBB,0.0
BKB12_46,BKB12_46,RBB,BKB,0.0
RBB11_329,RBB11_100,RBB,RBB,1.0
LPL11_216,LPL11_143,LPL,LPL,1.0
LPL11_362,LPL11_362,RBB,LPL,0.0
LPL11_237,LPL11_237,BKB,LPL,0.0
LPL11_187,LPL11_318,LPL,LPL,1.0
RBB13_171,RBB13_171,LPL,RBB,0.0
RBB13_95,RBB13_306,RBB,RBB,1.0
BKB12_118,BKB12_118,RBB,BKB,0.0
BKB12_70,BKB12_345,BKB,BKB,1.0
BKB12_241,BKB12_241,RBB,BKB,0.0
LPL11_66,LPL11_66,RBB,LPL,0.0
RBB13_208,RBB13_208,BKB,RBB,0.0
BKB12_214,BKB12_331,BKB,BKB,1.0
BKB12_153,BKB12_62,BKB,BKB,1.0
LPL11_30,LPL11_30,RBB,LPL,0.0
RBB11_258,RBB13_63,RBB,RBB,1.0
RBB13_30,RBB13_15,RBB,RBB,1.0
LPL11_37,LPL11_94,LPL,LPL,1.0
LPL11_49,LPL11_305,LPL,LPL,1.0
RBB13_317,RBB13_247,RBB,RBB,1.0
BKB12_331,BKB12_360,BKB,BKB,1.0
BKB12_53,BKB12_279,BKB,BKB,1.0
RBB13_140,RBB11_14,RBB,RBB,1.0
RBB13_84,RBB13_84,BKB,RBB,0.0
RBB11_201,RBB11_201,BKB,RBB,0.0
RBB11_91,RBB13_11,RBB,RBB,1.0
RBB13_244,RBB13_304,RBB,RBB,1.0
LPL11_202,LPL11_4,LPL,LPL,1.0
RBB11_276,RBB11_276,BKB,RBB,0.0
RBB11_222,RBB11_222,BKB,RBB,0.0
BKB12_2,BKB12_354,BKB,BKB,1.0
RBB11_78,RBB11_78,LPL,RBB,0.0
BKB12_134,BKB12_172,BKB,BKB,1.0
LPL11_382,LPL11_382,RBB,LPL,0.0
RBB13_310,RBB13_310,LPL,RBB,0.0
RBB13_144,RBB13_144,LPL,RBB,0.0
LPL11_34,LPL11_254,LPL,LPL,1.0
RBB11_29,RBB11_195,RBB,RBB,1.0
RBB11_253,RBB11_22,RBB,RBB,1.0
LPL11_324,LPL11_244,LPL,LPL,1.0
RBB13_187,RBB13_187,LPL,RBB,0.0
RBB13_208,RBB13_22,RBB,RBB,1.0
RBB11_83,RBB11_304,RBB,RBB,1.0
LPL11_368,LPL11_368,RBB,LPL,0.0
RBB13_333,RBB13_55,RBB,RBB,1.0
BKB12_127,BKB12_269,BKB,BKB,1.0
LPL11_36,LPL11_36,RBB,LPL,0.0
RBB13_101,RBB13_101,BKB,RBB,0.0
RBB11_262,RBB11_28,RBB,RBB,1.0
BKB12_157,BKB12_364,BKB,BKB,1.0
LPL11_159,LPL11_159,RBB,LPL,0.0
RBB13_186,RBB13_186,BKB,RBB,0.0
RBB11_333,RBB11_239,RBB,RBB,1.0
RBB13_113,RBB13_113,BKB,RBB,0.0
RBB11_316,RBB11_260,RBB,RBB,1.0
BKB12_219,BKB12_219,RBB,BKB,0.0
RBB13_247,RBB13_247,LPL,RBB,0.0
BKB12_60,BKB12_60,RBB,BKB,0.0
RBB13_190,RBB13_190,LPL,RBB,0.0
LPL11_250,LPL11_250,RBB,LPL,0.0
RBB11_179,RBB11_13,RBB,RBB,1.0
BKB12_232,BKB12_326,BKB,BKB,1.0
RBB11_170,RBB13_70,RBB,RBB,1.0
BKB12_66,BKB12_84,BKB,BKB,1.0
BKB12_259,BKB12_259,RBB,BKB,0.0
RBB13_280,RBB13_178,RBB,RBB,1.0
RBB11_240,RBB11_140,RBB,RBB,1.0
RBB13_102,RBB13_102,BKB,RBB,0.0
BKB12_208,BKB12_208,RBB,BKB,0.0
RBB13_83,RBB11_207,RBB,RBB,1.0
BKB12_79,BKB12_316,BKB,BKB,1.0
RBB11_271,RBB11_271,LPL,RBB,0.0
RBB13_44,RBB13_44,LPL,RBB,0.0
RBB13_283,RBB13_283,LPL,RBB,0.0
RBB13_207,RBB13_207,BKB,RBB,0.0
RBB11_285,RBB11_15,RBB,RBB,1.0
RBB11_123,RBB13_258,RBB,RBB,1.0
LPL11_322,LPL11_322,RBB,LPL,0.0
LPL11_8,LPL11_263,LPL,LPL,1.0
RBB13_288,RBB13_288,BKB,RBB,0.0
BKB12_5,BKB12_5,RBB,BKB,0.0
BKB12_276,BKB12_308,BKB,BKB,1.0
BKB12_168,BKB12_133,BKB,BKB,1.0
LPL11_308,LPL11_308,BKB,LPL,0.0
RBB11_91,RBB11_91,BKB,RBB,0.0
RBB13_15,RBB11_294,RBB,RBB,1.0
LPL11_1,LPL11_1,RBB,LPL,0.0
RBB13_153,RBB13_308,RBB,RBB,1.0
RBB13_356,RBB13_356,LPL,RBB,0.0
LPL11_184,LPL11_251,LPL,LPL,1.0
LPL11_367,LPL11_367,RBB,LPL,0.0
RBB13_236,RBB13_236,LPL,RBB,0.0
RBB13_82,RBB13_201,RBB,RBB,1.0
BKB12_103,BKB12_117,BKB,BKB,1.0
RBB11_319,RBB11_319,LPL,RBB,0.0
RBB13_240,RBB13_240,BKB,RBB,0.0
RBB13_22,RBB13_124,RBB,RBB,1.0
RBB11_316,RBB11_316,BKB,RBB,0.0
LPL11_276,LPL11_234,LPL,LPL,1.0
BKB12_199,BKB12_18,BKB,BKB,1.0
RBB11_223,RBB13_88,RBB,RBB,1.0
LPL11_104,LPL11_104,RBB,LPL,0.0
RBB11_140,RBB11_140,BKB,RBB,0.0
RBB11_70,RBB11_116,RBB,RBB,1.0
RBB11_268,RBB11_268,LPL,RBB,0.0
RBB13_117,RBB13_302,RBB,RBB,1.0
RBB13_197,RBB13_197,LPL,RBB,0.0
BKB12_88,BKB12_88,RBB,BKB,0.0
RBB11_221,RBB11_221,BKB,RBB,0.0
BKB12_152,BKB12_152,RBB,BKB,0.0
RBB11_204,RBB11_204,LPL,RBB,0.0
BKB12_203,BKB12_203,RBB,BKB,0.0
RBB13_33,RBB13_33,BKB,RBB,0.0
LPL11_315,LPL11_0,LPL,LPL,1.0
LPL11_236,LPL11_58,LPL,LPL,1.0
RBB11_293,RBB11_293,LPL,RBB,0.0
BKB12_135,BKB12_227,BKB,BKB,1.0
RBB13_200,RBB13_200,LPL,RBB,0.0
BKB12_337,BKB12_337,RBB,BKB,0.0
BKB12_23,BKB12_23,RBB,BKB,0.0
LPL11_98,LPL11_164,LPL,LPL,1.0
RBB11_32,RBB11_232,RBB,RBB,1.0
RBB11_165,RBB11_165,BKB,RBB,0.0
RBB11_85,RBB11_80,RBB,RBB,1.0
LPL11_338,LPL11_338,RBB,LPL,0.0
BKB12_308,BKB12_45,BKB,BKB,1.0
LPL11_306,LPL11_306,RBB,LPL,0.0
LPL11_304,LPL11_348,LPL,LPL,1.0
LPL11_43,LPL11_101,LPL,LPL,1.0
RBB11_289,RBB11_289,BKB,RBB,0.0
RBB11_50,RBB11_43,RBB,RBB,1.0
BKB12_75,BKB12_75,RBB,BKB,0.0
RBB11_99,RBB11_99,LPL,RBB,0.0
BKB12_342,BKB12_342,RBB,BKB,0.0
RBB13_30,RBB13_30,LPL,RBB,0.0
BKB12_0,BKB12_0,RBB,BKB,0.0
LPL11_352,LPL11_178,LPL,LPL,1.0
BKB12_246,BKB12_150,BKB,BKB,1.0
RBB13_234,RBB13_234,LPL,RBB,0.0
RBB13_53,RBB13_53,LPL,RBB,0.0
RBB13_285,RBB13_285,LPL,RBB,0.0
BKB12_269,BKB12_304,BKB,BKB,1.0
BKB12_221,BKB12_26,BKB,BKB,1.0
RBB13_219,RBB13_219,BKB,RBB,0.0
RBB13_60,RBB13_60,LPL,RBB,0.0
BKB12_207,BKB12_207,RBB,BKB,0.0
BKB12_261,BKB12_6,BKB,BKB,1.0
LPL11_150,LPL11_150,RBB,LPL,0.0
RBB13_242,RBB11_247,RBB,RBB,1.0
BKB12_261,BKB12_261,RBB,BKB,0.0
RBB11_101,RBB11_101,LPL,RBB,0.0
LPL11_246,LPL11_353,LPL,LPL,1.0
BKB12_322,BKB12_322,RBB,BKB,0.0
LPL11_251,LPL11_251,RBB,LPL,0.0
RBB13_172,RBB13_187,RBB,RBB,1.0
RBB11_345,RBB11_218,RBB,RBB,1.0
LPL11_365,LPL11_365,RBB,LPL,0.0
RBB11_82,RBB11_82,LPL,RBB,0.0
LPL11_18,LPL11_32,LPL,LPL,1.0
RBB13_96,RBB11_105,RBB,RBB,1.0
RBB13_356,RBB11_101,RBB,RBB,1.0
RBB11_7,RBB11_7,LPL,RBB,0.0
RBB11_76,RBB11_76,LPL,RBB,0.0
LPL11_20,LPL11_338,LPL,LPL,1.0
LPL11_291,LPL11_184,LPL,LPL,1.0
LPL11_241,LPL11_241,RBB,LPL,0.0
LPL11_58,LPL11_226,LPL,LPL,1.0
BKB12_295,BKB12_73,BKB,BKB,1.0
RBB11_342,RBB11_342,BKB,RBB,0.0
BKB12_358,BKB12_342,BKB,BKB,1.0
LPL11_365,LPL11_175,LPL,LPL,1.0
RBB13_325,RBB13_325,BKB,RBB,0.0
RBB11_68,RBB11_68,LPL,RBB,0.0
LPL11_353,LPL11_353,RBB,LPL,0.0
RBB13_28,RBB11_84,RBB,RBB,1.0
LPL11_113,LPL11_253,LPL,LPL,1.0
RBB11_194,RBB13_172,RBB,RBB,1.0
LPL11_360,LPL11_284,LPL,LPL,1.0
RBB11_312,RBB11_113,RBB,RBB,1.0
RBB11_290,RBB11_290,LPL,RBB,0.0
RBB11_200,RBB13_275,RBB,RBB,1.0
LPL11_58,LPL11_58,RBB,LPL,0.0
BKB12_41,BKB12_41,RBB,BKB,0.0
RBB11_329,RBB11_329,BKB,RBB,0.0
BKB12_19,BKB12_283,BKB,BKB,1.0
RBB11_105,RBB13_33,RBB,RBB,1.0
LPL11_113,LPL11_113,RBB,LPL,0.0
RBB11_86,RBB11_86,BKB,RBB,0.0
BKB12_84,BKB12_84,RBB,BKB,0.0
RBB13_158,RBB13_158,LPL,RBB,0.0
RBB13_139,RBB11_77,RBB,RBB,1.0
BKB12_281,BKB12_107,BKB,BKB,1.0
RBB13_90,RBB13_90,LPL,RBB,0.0
RBB13_334,RBB11_68,RBB,RBB,1.0
RBB11_294,RBB13_9,RBB,RBB,1.0
LPL11_19,LPL11_159,LPL,LPL,1.0
RBB11_80,RBB11_80,LPL,RBB,0.0
LPL11_117,LPL11_50,LPL,LPL,1.0
LPL11_176,LPL11_176,RBB,LPL,0.0
BKB12_110,BKB12_110,RBB,BKB,0.0
BKB12_144,BKB12_86,BKB,BKB,1.0
BKB12_166,BKB12_166,LPL,BKB,0.0
RBB11_236,RBB11_289,RBB,RBB,1.0
LPL11_325,LPL11_30,LPL,LPL,1.0
LPL11_380,LPL11_383,LPL,LPL,1.0
LPL11_143,LPL11_143,RBB,LPL,0.0
LPL11_106,LPL11_106,BKB,LPL,0.0
BKB12_368,BKB12_57,BKB,BKB,1.0
RBB13_32,RBB11_315,RBB,RBB,1.0
RBB11_86,RBB13_113,RBB,RBB,1.0
RBB11_270,RBB11_78,RBB,RBB,1.0
LPL11_112,LPL11_138,LPL,LPL,1.0
RBB13_169,RBB13_169,LPL,RBB,0.0
LPL11_295,LPL11_295,RBB,LPL,0.0
LPL11_104,LPL11_21,LPL,LPL,1.0
BKB12_335,BKB12_115,BKB,BKB,1.0
RBB11_161,RBB11_46,RBB,RBB,1.0
BKB12_78,BKB12_78,RBB,BKB,0.0
BKB12_364,BKB12_364,RBB,BKB,0.0
BKB12_308,BKB12_308,RBB,BKB,0.0
RBB13_40,RBB11_123,RBB,RBB,1.0
RBB11_13,RBB13_274,RBB,RBB,1.0
RBB11_260,RBB13_316,RBB,RBB,1.0
RBB11_155,RBB11_155,BKB,RBB,0.0
LPL11_180,LPL11_180,RBB,LPL,0.0
BKB12_101,BKB12_302,BKB,BKB,1.0
LPL11_154,LPL11_361,LPL,LPL,1.0
BKB12_158,BKB12_158,RBB,BKB,0.0
RBB11_325,RBB11_325,BKB,RBB,0.0
RBB13_8,RBB13_168,RBB,RBB,1.0
LPL11_218,LPL11_301,LPL,LPL,1.0
RBB13_37,RBB11_266,RBB,RBB,1.0
LPL11_45,LPL11_45,RBB,LPL,0.0
BKB12_159,BKB12_159,RBB,BKB,0.0
LPL11_164,LPL11_164,RBB,LPL,0.0
RBB11_119,RBB11_119,LPL,RBB,0.0
BKB12_276,BKB12_276,RBB,BKB,0.0
RBB13_335,RBB13_207,RBB,RBB,1.0
RBB13_82,RBB13_82,LPL,RBB,0.0
BKB12_293,BKB12_28,BKB,BKB,1.0
RBB13_344,RBB13_98,RBB,RBB,1.0
LPL11_203,LPL11_203,RBB,LPL,0.0
LPL11_22,LPL11_246,LPL,LPL,1.0
RBB13_85,RBB13_85,BKB,RBB,0.0
RBB11_88,RBB11_244,RBB,RBB,1.0
BKB12_262,BKB12_158,BKB,BKB,1.0
BKB12_326,BKB12_312,BKB,BKB,1.0
RBB13_49,RBB11_342,RBB,RBB,1.0
BKB12_312,BKB12_100,BKB,BKB,1.0
LPL11_312,LPL11_60,LPL,LPL,1.0
RBB11_207,RBB11_284,RBB,RBB,1.0
LPL11_268,LPL11_367,LPL,LPL,1.0
BKB12_353,BKB12_353,RBB,BKB,0.0
RBB11_41,RBB11_41,LPL,RBB,0.0
LPL11_90,LPL11_302,LPL,LPL,1.0
RBB11_148,RBB11_148,BKB,RBB,0.0
RBB13_217,RBB13_217,LPL,RBB,0.0
LPL11_10,LPL11_370,LPL,LPL,1.0
BKB12_273,BKB12_256,BKB,BKB,1.0
LPL11_35,LPL11_35,RBB,LPL,0.0
RBB13_354,RBB11_178,RBB,RBB,1.0
BKB12_124,BKB12_175,BKB,BKB,1.0
RBB13_37,RBB13_37,LPL,RBB,0.0
RBB13_59,RBB11_281,RBB,RBB,1.0
RBB13_97,RBB13_150,RBB,RBB,1.0
RBB11_37,RBB11_37,BKB,RBB,0.0
RBB13_160,RBB13_160,BKB,RBB,0.0
RBB13_6,RBB13_30,RBB,RBB,1.0
BKB12_302,BKB12_166,BKB,BKB,1.0
BKB12_154,BKB12_82,BKB,BKB,1.0
BKB12_192,BKB12_192,RBB,BKB,0.0
RBB11_302,RBB13_356,RBB,RBB,1.0
LPL11_348,LPL11_348,BKB,LPL,0.0
BKB12_59,BKB12_145,BKB,BKB,1.0
LPL11_197,LPL11_197,RBB,LPL,0.0
BKB12_131,BKB12_131,LPL,BKB,0.0
BKB12_146,BKB12_146,RBB,BKB,0.0
RBB13_26,RBB11_331,RBB,RBB,1.0
RBB11_346,RBB11_346,LPL,RBB,0.0
RBB13_183,RBB11_21,RBB,RBB,1.0
RBB11_133,RBB11_155,RBB,RBB,1.0
RBB11_255,RBB11_255,LPL,RBB,0.0
RBB13_262,RBB13_262,BKB,RBB,0.0
RBB13_335,RBB13_335,LPL,RBB,0.0
LPL11_383,LPL11_28,LPL,LPL,1.0
RBB13_40,RBB13_40,BKB,RBB,0.0
LPL11_107,LPL11_107,RBB,LPL,0.0
LPL11_320,LPL11_176,LPL,LPL,1.0
RBB13_345,RBB13_345,LPL,RBB,0.0
RBB13_76,RBB11_38,RBB,RBB,1.0
BKB12_155,BKB12_199,BKB,BKB,1.0
BKB12_283,BKB12_283,RBB,BKB,0.0
RBB13_258,RBB13_258,LPL,RBB,0.0
RBB13_229,RBB11_157,RBB,RBB,1.0
BKB12_289,BKB12_289,RBB,BKB,0.0
RBB11_142,RBB11_273,RBB,RBB,1.0
RBB13_174,RBB13_174,BKB,RBB,0.0
BKB12_284,BKB12_351,BKB,BKB,1.0
BKB12_165,BKB12_139,BKB,BKB,1.0
BKB12_202,BKB12_140,BKB,BKB,1.0
RBB13_241,RBB13_241,LPL,RBB,0.0
RBB13_54,RBB13_54,BKB,RBB,0.0
BKB12_367,BKB12_65,BKB,BKB,1.0
BKB12_294,BKB12_193,BKB,BKB,1.0
RBB11_235,RBB11_235,BKB,RBB,0.0
RBB13_168,RBB11_115,RBB,RBB,1.0
RBB13_86,RBB13_86,LPL,RBB,0.0
LPL11_363,LPL11_312,LPL,LPL,1.0
BKB12_322,BKB12_50,BKB,BKB,1.0
RBB13_49,RBB13_49,LPL,RBB,0.0
BKB12_246,BKB12_246,RBB,BKB,0.0
RBB11_239,RBB11_239,BKB,RBB,0.0
RBB13_242,RBB13_242,BKB,RBB,0.0
RBB13_43,RBB13_43,BKB,RBB,0.0
RBB13_68,RBB13_68,BKB,RBB,0.0
RBB11_178,RBB11_178,LPL,RBB,0.0
RBB13_99,RBB13_99,BKB,RBB,0.0
RBB13_291,RBB13_238,RBB,RBB,1.0
BKB12_281,BKB12_281,RBB,BKB,0.0
LPL11_225,LPL11_281,LPL,LPL,1.0
RBB13_88,RBB13_88,BKB,RBB,0.0
RBB11_92,RBB11_172,RBB,RBB,1.0
RBB13_358,RBB11_161,RBB,RBB,1.0
RBB11_325,RBB13_171,RBB,RBB,1.0
BKB12_92,BKB12_157,BKB,BKB,1.0
RBB13_272,RBB11_333,RBB,RBB,1.0
RBB11_196,RBB11_191,RBB,RBB,1.0
RBB13_117,RBB13_117,LPL,RBB,0.0
RBB13_108,RBB13_108,LPL,RBB,0.0
BKB12_299,BKB12_301,BKB,BKB,1.0
RBB11_100,RBB11_100,LPL,RBB,0.0
RBB11_274,RBB11_274,BKB,RBB,0.0
RBB11_177,RBB11_177,LPL,RBB,0.0
RBB11_255,RBB11_204,RBB,RBB,1.0
RBB11_277,RBB11_277,BKB,RBB,0.0
BKB12_220,BKB12_19,BKB,BKB,1.0
RBB11_304,RBB11_304,BKB,RBB,0.0
BKB12_360,BKB12_249,BKB,BKB,1.0
LPL11_305,LPL11_59,LPL,LPL,1.0
RBB11_302,RBB11_302,LPL,RBB,0.0
RBB11_12,RBB11_345,RBB,RBB,1.0
LPL11_164,LPL11_217,LPL,LPL,1.0
RBB13_308,RBB13_324,RBB,RBB,1.0
LPL11_122,LPL11_102,LPL,LPL,1.0
RBB13_84,RBB11_296,RBB,RBB,1.0
LPL11_207,LPL11_18,LPL,LPL,1.0
BKB12_86,BKB12_2,BKB,BKB,1.0
BKB12_245,BKB12_12,BKB,BKB,1.0
RBB13_264,RBB13_264,BKB,RBB,0.0
LPL11_295,LPL11_116,LPL,LPL,1.0
RBB13_171,RBB13_43,RBB,RBB,1.0
BKB12_157,BKB12_157,RBB,BKB,0.0
RBB11_121,RBB11_121,LPL,RBB,0.0
BKB12_275,BKB12_275,RBB,BKB,0.0
LPL11_256,LPL11_256,RBB,LPL,0.0
RBB13_329,RBB13_5,RBB,RBB,1.0
RBB13_248,RBB13_248,LPL,RBB,0.0
RBB13_346,RBB11_282,RBB,RBB,1.0
RBB11_268,RBB11_236,RBB,RBB,1.0
BKB12_344,BKB12_344,RBB,BKB,0.0
RBB13_235,RBB11_194,RBB,RBB,1.0
RBB11_233,RBB11_233,LPL,RBB,0.0
RBB13_165,RBB13_345,RBB,RBB,1.0
RBB11_21,RBB13_327,RBB,RBB,1.0
RBB11_16,RBB13_76,RBB,RBB,1.0
RBB11_93,RBB13_224,RBB,RBB,1.0
BKB12_147,BKB12_103,BKB,BKB,1.0
LPL11_84,LPL11_84,RBB,LPL,0.0
RBB13_2,RBB11_170,RBB,RBB,1.0
RBB13_187,RBB13_139,RBB,RBB,1.0
RBB13_315,RBB11_221,RBB,RBB,1.0
RBB11_245,RBB13_155,RBB,RBB,1.0
BKB12_209,BKB12_209,RBB,BKB,0.0
RBB13_266,RBB13_198,RBB,RBB,1.0
RBB13_162,RBB11_270,RBB,RBB,1.0
RBB13_332,RBB13_137,RBB,RBB,1.0
LPL11_340,LPL11_200,LPL,LPL,1.0
RBB11_106,RBB11_106,BKB,RBB,0.0
RBB13_75,RBB13_75,LPL,RBB,0.0
RBB11_45,RBB11_217,RBB,RBB,1.0
BKB12_108,BKB12_108,RBB,BKB,0.0
BKB12_87,BKB12_59,BKB,BKB,1.0
RBB11_191,RBB11_191,BKB,RBB,0.0
RBB13_135,RBB13_135,BKB,RBB,0.0
LPL11_137,LPL11_137,RBB,LPL,0.0
BKB12_283,BKB12_234,BKB,BKB,1.0
BKB12_96,BKB12_96,RBB,BKB,0.0
LPL11_175,LPL11_175,RBB,LPL,0.0
RBB13_229,RBB13_229,LPL,RBB,0.0
LPL11_261,LPL11_261,RBB,LPL,0.0
BKB12_341,BKB12_341,RBB,BKB,0.0
LPL11_74,LPL11_74,RBB,LPL,0.0
BKB12_214,BKB12_214,RBB,BKB,0.0
LPL11_0,LPL11_202,LPL,LPL,1.0
BKB12_153,BKB12_153,RBB,BKB,0.0
BKB12_190,BKB12_280,BKB,BKB,1.0
LPL11_346,LPL11_346,RBB,LPL,0.0
LPL11_175,LPL11_223,LPL,LPL,1.0
BKB12_364,BKB12_20,BKB,BKB,1.0
LPL11_147,LPL11_196,LPL,LPL,1.0
LPL11_61,LPL11_77,LPL,LPL,1.0
BKB12_66,BKB12_66,RBB,BKB,0.0
BKB12_67,BKB12_127,BKB,BKB,1.0
LPL11_43,LPL11_43,RBB,LPL,0.0
LPL11_336,LPL11_336,RBB,LPL,0.0
LPL11_102,LPL11_292,LPL,LPL,1.0
RBB13_74,RBB11_179,RBB,RBB,1.0
LPL11_342,LPL11_342,RBB,LPL,0.0
RBB13_118,RBB13_118,BKB,RBB,0.0
RBB11_317,RBB11_317,BKB,RBB,0.0
RBB11_247,RBB13_264,RBB,RBB,1.0
LPL11_94,LPL11_291,LPL,LPL,1.0
RBB13_113,RBB13_138,RBB,RBB,1.0
RBB13_331,RBB11_88,RBB,RBB,1.0
LPL11_84,LPL11_215,LPL,LPL,1.0
BKB12_56,BKB12_294,BKB,BKB,1.0
RBB11_13,RBB11_13,BKB,RBB,0.0
LPL11_54,LPL11_54,RBB,LPL,0.0
RBB11_238,RBB11_238,BKB,RBB,0.0
RBB11_117,RBB11_117,BKB,RBB,0.0
LPL11_48,LPL11_48,RBB,LPL,0.0
LPL11_34,LPL11_34,RBB,LPL,0.0
RBB11_213,RBB13_322,RBB,RBB,1.0
RBB11_191,RBB13_294,RBB,RBB,1.0
BKB12_52,BKB12_52,RBB,BKB,0.0
RBB13_43,RBB11_60,RBB,RBB,1.0
BKB12_190,BKB12_190,RBB,BKB,0.0
LPL11_11,LPL11_11,RBB,LPL,0.0
LPL11_143,LPL11_118,LPL,LPL,1.0
BKB12_103,BKB12_103,RBB,BKB,0.0
RBB11_296,RBB11_296,BKB,RBB,0.0
RBB13_157,RBB13_157,BKB,RBB,0.0
BKB12_220,BKB12_220,RBB,BKB,0.0
RBB13_155,RBB13_177,RBB,RBB,1.0
RBB13_323,RBB11_246,RBB,RBB,1.0
RBB13_122,RBB13_262,RBB,RBB,1.0
RBB11_53,RBB11_53,BKB,RBB,0.0
RBB11_348,RBB11_348,BKB,RBB,0.0
LPL11_373,LPL11_368,LPL,LPL,1.0
BKB12_145,BKB12_112,BKB,BKB,1.0
RBB13_16,RBB13_16,BKB,RBB,0.0
RBB11_81,RBB13_318,RBB,RBB,1.0
RBB11_256,RBB11_256,BKB,RBB,0.0
LPL11_285,LPL11_285,RBB,LPL,0.0
RBB13_128,RBB11_118,RBB,RBB,1.0
BKB12_41,BKB12_194,BKB,BKB,1.0
BKB12_57,BKB12_57,RBB,BKB,0.0
RBB11_309,RBB11_309,BKB,RBB,0.0
BKB12_302,BKB12_302,RBB,BKB,0.0
RBB13_322,RBB13_95,RBB,RBB,1.0
RBB11_172,RBB13_26,RBB,RBB,1.0
BKB12_282,BKB12_282,RBB,BKB,0.0
BKB12_286,BKB12_286,RBB,BKB,0.0
BKB12_351,BKB12_351,RBB,BKB,0.0
RBB11_269,RBB11_33,RBB,RBB,1.0
RBB11_82,RBB11_220,RBB,RBB,1.0
LPL11_195,LPL11_298,LPL,LPL,1.0
RBB13_93,RBB11_98,RBB,RBB,1.0
LPL11_236,LPL11_236,RBB,LPL,0.0
LPL11_38,LPL11_38,BKB,LPL,0.0
BKB12_141,BKB12_74,BKB,BKB,1.0
LPL11_148,LPL11_148,RBB,LPL,0.0
BKB12_145,BKB12_145,RBB,BKB,0.0
RBB11_224,RBB11_224,LPL,RBB,0.0
RBB11_344,RBB13_149,RBB,RBB,1.0
BKB12_71,BKB12_71,RBB,BKB,0.0
BKB12_309,BKB12_202,BKB,BKB,1.0
LPL11_152,LPL11_152,RBB,LPL,0.0
BKB12_224,BKB12_224,RBB,BKB,0.0
LPL11_336,LPL11_19,LPL,LPL,1.0
LPL11_364,LPL11_364,RBB,LPL,0.0
BKB12_210,BKB12_165,BKB,BKB,1.0
RBB13_3,RBB13_140,RBB,RBB,1.0
RBB13_322,RBB13_322,BKB,RBB,0.0
LPL11_368,LPL11_64,LPL,LPL,1.0
RBB11_33,RBB13_48,RBB,RBB,1.0
RBB11_195,RBB13_122,RBB,RBB,1.0
BKB12_156,BKB12_156,LPL,BKB,0.0
LPL11_102,LPL11_102,RBB,LPL,0.0
RBB13_95,RBB13_95,LPL,RBB,0.0
LPL11_196,LPL11_121,LPL,LPL,1.0
RBB13_314,RBB11_119,RBB,RBB,1.0
RBB11_85,RBB11_85,LPL,RBB,0.0
BKB12_286,BKB12_149,BKB,BKB,1.0
LPL11_53,LPL11_53,RBB,LPL,0.0
RBB13_312,RBB13_132,RBB,RBB,1.0
RBB11_338,RBB13_269,RBB,RBB,1.0
RBB13_268,RBB13_268,BKB,RBB,0.0
RBB13_175,RBB13_175,BKB,RBB,0.0
RBB11_292,RBB11_314,RBB,RBB,1.0
LPL11_293,LPL11_293,RBB,LPL,0.0
RBB11_293,RBB13_315,RBB,RBB,1.0
RBB13_345,RBB13_208,RBB,RBB,1.0
RBB11_349,RBB11_86,RBB,RBB,1.0
RBB13_219,RBB13_225,RBB,RBB,1.0
RBB11_113,RBB13_99,RBB,RBB,1.0
RBB11_241,RBB11_99,RBB,RBB,1.0
RBB11_19,RBB11_19,BKB,RBB,0.0
LPL11_308,LPL11_110,LPL,LPL,1.0
BKB12_166,BKB12_121,BKB,BKB,1.0
BKB12_64,BKB12_116,BKB,BKB,1.0
RBB13_38,RBB13_229,RBB,RBB,1.0
BKB12_11,BKB12_11,RBB,BKB,0.0
BKB12_189,BKB12_114,BKB,BKB,1.0
BKB12_172,BKB12_156,BKB,BKB,1.0
BKB12_18,BKB12_95,BKB,BKB,1.0
RBB11_57,RBB11_57,BKB,RBB,0.0
RBB13_104,RBB13_104,BKB,RBB,0.0
RBB13_31,RBB13_31,LPL,RBB,0.0
BKB12_193,BKB12_193,RBB,BKB,0.0
RBB11_150,RBB11_150,LPL,RBB,0.0
RBB13_139,RBB13_139,BKB,RBB,0.0
RBB13_276,RBB13_249,RBB,RBB,1.0
RBB13_231,RBB13_231,BKB,RBB,0.0
LPL11_121,LPL11_41,LPL,LPL,1.0
RBB13_304,RBB13_304,LPL,RBB,0.0
LPL11_159,LPL11_76,LPL,LPL,1.0
RBB11_315,RBB13_169,RBB,RBB,1.0
BKB12_324,BKB12_324,RBB,BKB,0.0
RBB13_101,RBB13_231,RBB,RBB,1.0
BKB12_333,BKB12_357,BKB,BKB,1.0
RBB13_204,RBB11_335,RBB,RBB,1.0
BKB12_343,BKB12_343,RBB,BKB,0.0
LPL11_184,LPL11_184,RBB,LPL,0.0
RBB11_72,RBB11_72,LPL,RBB,0.0
LPL11_64,LPL11_64,RBB,LPL,0.0
RBB11_284,RBB11_284,LPL,RBB,0.0
RBB13_236,RBB11_278,RBB,RBB,1.0
BKB12_133,BKB12_17,BKB,BKB,1.0
LPL11_249,LPL11_249,RBB,LPL,0.0
RBB11_328,RBB11_65,RBB,RBB,1.0
LPL11_218,LPL11_218,RBB,LPL,0.0
RBB13_235,RBB13_235,LPL,RBB,0.0
LPL11_189,LPL11_384,LPL,LPL,1.0
RBB13_34,RBB13_217,RBB,RBB,1.0
LPL11_253,LPL11_253,RBB,LPL,0.0
BKB12_90,BKB12_346,BKB,BKB,1.0
LPL11_268,LPL11_268,RBB,LPL,0.0
LPL11_345,LPL11_352,LPL,LPL,1.0
LPL11_22,LPL11_22,BKB,LPL,0.0
RBB11_125,RBB11_37,RBB,RBB,1.0
RBB11_273,RBB11_273,BKB,RBB,0.0
RBB11_224,RBB13_291,RBB,RBB,1.0
RBB13_20,RBB13_20,BKB,RBB,0.0
RBB11_154,RBB11_154,LPL,RBB,0.0
LPL11_363,LPL11_363,BKB,LPL,0.0
LPL11_339,LPL11_145,LPL,LPL,1.0
BKB12_213,BKB12_152,BKB,BKB,1.0
RBB11_115,RBB11_115,LPL,RBB,0.0
LPL11_118,LPL11_118,RBB,LPL,0.0
LPL11_150,LPL11_380,LPL,LPL,1.0
RBB13_190,RBB13_341,RBB,RBB,1.0
BKB12_117,BKB12_213,BKB,BKB,1.0
BKB12_28,BKB12_28,RBB,BKB,0.0
LPL11_77,LPL11_261,LPL,LPL,1.0
BKB12_312,BKB12_312,RBB,BKB,0.0
RBB13_31,RBB13_32,RBB,RBB,1.0
LPL11_343,LPL11_193,LPL,LPL,1.0
BKB12_40,BKB12_40,RBB,BKB,0.0
RBB11_34,RBB11_34,BKB,RBB,0.0
RBB13_223,RBB11_29,RBB,RBB,1.0
RBB13_70,RBB13_70,LPL,RBB,0.0
RBB13_54,RBB13_75,RBB,RBB,1.0
BKB12_317,BKB12_317,RBB,BKB,0.0
RBB13_109,RBB13_334,RBB,RBB,1.0
RBB13_105,RBB13_105,BKB,RBB,0.0
RBB13_352,RBB13_331,RBB,RBB,1.0
LPL11_370,LPL11_279,LPL,LPL,1.0
LPL11_137,LPL11_84,LPL,LPL,1.0
LPL11_194,LPL11_108,LPL,LPL,1.0
RBB11_179,RBB11_179,BKB,RBB,0.0
LPL11_197,LPL11_340,LPL,LPL,1.0
LPL11_230,LPL11_38,LPL,LPL,1.0
LPL11_66,LPL11_256,LPL,LPL,1.0
RBB11_37,RBB11_97,RBB,RBB,1.0
LPL11_48,LPL11_336,LPL,LPL,1.0
RBB11_222,RBB13_346,RBB,RBB,1.0
RBB13_146,RBB11_83,RBB,RBB,1.0
RBB13_338,RBB13_2,RBB,RBB,1.0
RBB11_232,RBB11_232,LPL,RBB,0.0
RBB11_240,RBB11_240,LPL,RBB,0.0
RBB11_84,RBB11_84,LPL,RBB,0.0
BKB12_112,BKB12_260,BKB,BKB,1.0
LPL11_270,LPL11_95,LPL,LPL,1.0
BKB12_304,BKB12_1,BKB,BKB,1.0
RBB11_336,RBB11_336,BKB,RBB,0.0
LPL11_281,LPL11_232,LPL,LPL,1.0
BKB12_203,BKB12_207,BKB,BKB,1.0
BKB12_122,BKB12_122,RBB,BKB,0.0
BKB12_267,BKB12_267,RBB,BKB,0.0
RBB11_113,RBB11_113,BKB,RBB,0.0
RBB13_350,RBB13_350,BKB,RBB,0.0
RBB13_149,RBB13_149,BKB,RBB,0.0
RBB11_184,RBB11_283,RBB,RBB,1.0
RBB11_307,RBB11_307,BKB,RBB,0.0
LPL11_116,LPL11_116,RBB,LPL,0.0
RBB11_104,RBB11_104,LPL,RBB,0.0
RBB13_258,RBB11_173,RBB,RBB,1.0
RBB11_59,RBB11_303,RBB,RBB,1.0
RBB13_272,RBB13_272,LPL,RBB,0.0
BKB12_114,BKB12_114,LPL,BKB,0.0
RBB13_320,RBB13_210,RBB,RBB,1.0
LPL11_136,LPL11_342,LPL,LPL,1.0
LPL11_123,LPL11_123,RBB,LPL,0.0
BKB12_223,BKB12_349,BKB,BKB,1.0
BKB12_26,BKB12_238,BKB,BKB,1.0
RBB13_323,RBB13_323,BKB,RBB,0.0
RBB13_239,RBB13_272,RBB,RBB,1.0
BKB12_73,BKB12_73,RBB,BKB,0.0
RBB11_60,RBB11_60,BKB,RBB,0.0
RBB11_98,RBB11_293,RBB,RBB,1.0
BKB12_293,BKB12_293,RBB,BKB,0.0
RBB13_266,RBB13_266,LPL,RBB,0.0
RBB11_278,RBB11_278,BKB,RBB,0.0
BKB12_108,BKB12_303,BKB,BKB,1.0
RBB13_198,RBB13_198,LPL,RBB,0.0
RBB13_355,RBB13_257,RBB,RBB,1.0
LPL11_199,LPL11_250,LPL,LPL,1.0
LPL11_192,LPL11_192,RBB,LPL,0.0
LPL11_44,LPL11_107,LPL,LPL,1.0
RBB13_288,RBB13_204,RBB,RBB,1.0
LPL11_349,LPL11_11,LPL,LPL,1.0
RBB13_249,RBB11_255,RBB,RBB,1.0
BKB12_151,BKB12_151,RBB,BKB,0.0
BKB12_227,BKB12_227,RBB,BKB,0.0
RBB11_33,RBB11_33,LPL,RBB,0.0
BKB12_199,BKB12_199,RBB,BKB,0.0
LPL11_202,LPL11_202,RBB,LPL,0.0
RBB13_72,RBB13_72,BKB,RBB,0.0
BKB12_345,BKB12_345,RBB,BKB,0.0
LPL11_146,LPL11_195,LPL,LPL,1.0
RBB13_87,RBB13_87,LPL,RBB,0.0
RBB11_54,RBB11_54,LPL,RBB,0.0
BKB12_87,BKB12_87,RBB,BKB,0.0
BKB12_79,BKB12_79,RBB,BKB,0.0
BKB12_189,BKB12_189,RBB,BKB,0.0
LPL11_282,LPL11_362,LPL,LPL,1.0
BKB12_107,BKB12_218,BKB,BKB,1.0
RBB11_1,RBB11_1,BKB,RBB,0.0
RBB13_158,RBB11_213,RBB,RBB,1.0
RBB13_280,RBB13_280,LPL,RBB,0.0
RBB13_112,RBB13_112,BKB,RBB,0.0
LPL11_192,LPL11_49,LPL,LPL,1.0
LPL11_108,LPL11_108,RBB,LPL,0.0
LPL11_280,LPL11_216,LPL,LPL,1.0
RBB13_269,RBB13_269,LPL,RBB,0.0
RBB13_318,RBB13_318,LPL,RBB,0.0
LPL11_272,LPL11_62,LPL,LPL,1.0
LPL11_358,LPL11_37,LPL,LPL,1.0
BKB12_356,BKB12_276,BKB,BKB,1.0
RBB13_34,RBB13_34,BKB,RBB,0.0
RBB11_336,RBB11_110,RBB,RBB,1.0
BKB12_65,BKB12_65,RBB,BKB,0.0
RBB13_9,RBB13_9,LPL,RBB,0.0
RBB13_108,RBB11_93,RBB,RBB,1.0
BKB12_193,BKB12_277,BKB,BKB,1.0
BKB12_140,BKB12_140,RBB,BKB,0.0
LPL11_11,LPL11_90,LPL,LPL,1.0
BKB12_140,BKB12_347,BKB,BKB,1.0
RBB11_20,RBB11_20,BKB,RBB,0.0
RBB13_86,RBB11_323,RBB,RBB,1.0
LPL11_79,LPL11_79,RBB,LPL,0.0
RBB13_24,RBB13_170,RBB,RBB,1.0
RBB11_262,RBB11_262,LPL,RBB,0.0
LPL11_107,LPL11_191,LPL,LPL,1.0
RBB11_320,RBB11_320,LPL,RBB,0.0
LPL11_52,LPL11_52,RBB,LPL,0.0
BKB12_341,BKB12_298,BKB,BKB,1.0
BKB12_371,BKB12_290,BKB,BKB,1.0
LPL11_362,LPL11_67,LPL,LPL,1.0
BKB12_150,BKB12_56,BKB,BKB,1.0
RBB11_104,RBB13_68,RBB,RBB,1.0
RBB11_133,RBB11_133,LPL,RBB,0.0
RBB11_70,RBB11_70,BKB,RBB,0.0
LPL11_111,LPL11_111,RBB,LPL,0.0
RBB11_2,RBB11_2,LPL,RBB,0.0
LPL11_245,LPL11_245,RBB,LPL,0.0
RBB13_90,RBB11_200,RBB,RBB,1.0
RBB11_22,RBB11_22,BKB,RBB,0.0
RBB13_282,RBB13_282,LPL,RBB,0.0
LPL11_14,LPL11_14,RBB,LPL,0.0
LPL11_50,LPL11_180,LPL,LPL,1.0
RBB11_217,RBB11_217,LPL,RBB,0.0
BKB12_15,BKB12_15,RBB,BKB,0.0
RBB13_302,RBB11_259,RBB,RBB,1.0
RBB13_160,RBB13_276,RBB,RBB,1.0
RBB13_317,RBB13_317,BKB,RBB,0.0
LPL11_4,LPL11_187,LPL,LPL,1.0
RBB11_99,RBB13_85,RBB,RBB,1.0
LPL11_20,LPL11_20,RBB,LPL,0.0
BKB12_125,BKB12_125,RBB,BKB,0.0
BKB12_224,BKB12_368,BKB,BKB,1.0
RBB11_278,RBB11_158,RBB,RBB,1.0
RBB13_312,RBB13_312,LPL,RBB,0.0
RBB13_262,RBB11_309,RBB,RBB,1.0
LPL11_60,LPL11_60,RBB,LPL,0.0
BKB12_216,BKB12_216,RBB,BKB,0.0
BKB12_1,BKB12_1,RBB,BKB,0.0
BKB12_298,BKB12_298,RBB,BKB,0.0
RBB13_13,RBB13_141,RBB,RBB,1.0
RBB11_143,RBB11_143,BKB,RBB,0.0
RBB11_106,RBB11_104,RBB,RBB,1.0
RBB11_119,RBB11_201,RBB,RBB,1.0
BKB12_159,BKB12_261,BKB,BKB,1.0
LPL11_87,LPL11_197,LPL,LPL,1.0
BKB12_50,BKB12_50,RBB,BKB,0.0
RBB13_11,RBB13_11,LPL,RBB,0.0
BKB12_335,BKB12_335,RBB,BKB,0.0
BKB12_5,BKB12_335,BKB,BKB,1.0
LPL11_168,LPL11_10,LPL,LPL,1.0
RBB11_270,RBB11_270,LPL,RBB,0.0
RBB13_344,RBB13_344,BKB,RBB,0.0
LPL11_31,LPL11_31,RBB,LPL,0.0
RBB13_8,RBB13_8,LPL,RBB,0.0
RBB13_343,RBB11_165,RBB,RBB,1.0
LPL11_195,LPL11_195,RBB,LPL,0.0
RBB11_177,RBB11_53,RBB,RBB,1.0
RBB13_112,RBB13_115,RBB,RBB,1.0
RBB13_304,RBB11_34,RBB,RBB,1.0
LPL11_95,LPL11_34,LPL,LPL,1.0
RBB11_178,RBB13_176,RBB,RBB,1.0
RBB13_28,RBB13_28,BKB,RBB,0.0
RBB13_238,RBB13_238,BKB,RBB,0.0
RBB11_220,RBB11_329,RBB,RBB,1.0
BKB12_357,BKB12_357,RBB,BKB,0.0
BKB12_294,BKB12_294,RBB,BKB,0.0
RBB11_171,RBB11_320,RBB,RBB,1.0
BKB12_141,BKB12_141,RBB,BKB,0.0
BKB12_152,BKB12_318,BKB,BKB,1.0
BKB12_221,BKB12_221,RBB,BKB,0.0
LPL11_200,LPL11_329,LPL,LPL,1.0
RBB13_294,RBB13_294,LPL,RBB,0.0
RBB11_304,RBB11_208,RBB,RBB,1.0
LPL11_172,LPL11_172,RBB,LPL,0.0
RBB11_194,RBB11_194,LPL,RBB,0.0
BKB12_167,BKB12_324,BKB,BKB,1.0
RBB13_333,RBB13_333,LPL,RBB,0.0
RBB11_142,RBB11_142,BKB,RBB,0.0
BKB12_101,BKB12_101,RBB,BKB,0.0
RBB13_143,RBB13_13,RBB,RBB,1.0
LPL11_121,LPL11_121,RBB,LPL,0.0
BKB12_208,BKB12_142,BKB,BKB,1.0
BKB12_144,BKB12_144,RBB,BKB,0.0
LPL11_284,LPL11_284,RBB,LPL,0.0
LPL11_380,LPL11_380,RBB,LPL,0.0
RBB13_196,RBB11_70,RBB,RBB,1.0
LPL11_342,LPL11_162,LPL,LPL,1.0
BKB12_227,BKB12_191,BKB,BKB,1.0
RBB13_310,RBB11_346,RBB,RBB,1.0
RBB11_57,RBB11_51,RBB,RBB,1.0
LPL11_1,LPL11_346,LPL,LPL,1.0
LPL11_123,LPL11_225,LPL,LPL,1.0
RBB11_2,RBB11_95,RBB,RBB,1.0
RBB13_338,RBB13_338,LPL,RBB,0.0
LPL11_178,LPL11_178,RBB,LPL,0.0
RBB13_276,RBB13_276,LPL,RBB,0.0
RBB11_226,RBB11_226,LPL,RBB,0.0
RBB13_128,RBB13_128,BKB,RBB,0.0
RBB13_290,RBB13_290,BKB,RBB,0.0
RBB11_303,RBB11_328,RBB,RBB,1.0
RBB13_250,RBB13_250,LPL,RBB,0.0
RBB11_93,RBB11_93,LPL,RBB,0.0
LPL11_256,LPL11_372,LPL,LPL,1.0
BKB12_86,BKB12_86,RBB,BKB,0.0
RBB11_158,RBB11_158,BKB,RBB,0.0
RBB13_80,RBB13_80,LPL,RBB,0.0
BKB12_301,BKB12_301,RBB,BKB,0.0
RBB11_205,RBB13_267,RBB,RBB,1.0
LPL11_67,LPL11_67,RBB,LPL,0.0
LPL11_105,LPL11_105,RBB,LPL,0.0
LPL11_2,LPL11_360,LPL,LPL,1.0
RBB11_79,RBB11_79,BKB,RBB,0.0
RBB13_78,RBB11_222,RBB,RBB,1.0
RBB11_157,RBB11_157,LPL,RBB,0.0
BKB12_18,BKB12_18,RBB,BKB,0.0
LPL11_302,LPL11_131,LPL,LPL,1.0
BKB12_354,BKB12_108,BKB,BKB,1.0
RBB13_100,RBB13_100,LPL,RBB,0.0
BKB12_316,BKB12_60,BKB,BKB,1.0
RBB13_143,RBB13_143,BKB,RBB,0.0
BKB12_238,BKB12_359,BKB,BKB,1.0
LPL11_71,LPL11_71,RBB,LPL,0.0
LPL11_76,LPL11_199,LPL,LPL,1.0
RBB11_71,RBB11_71,LPL,RBB,0.0
BKB12_346,BKB12_337,BKB,BKB,1.0
RBB11_298,RBB11_298,BKB,RBB,0.0
RBB11_84,RBB13_112,RBB,RBB,1.0
RBB11_323,RBB11_323,BKB,RBB,0.0
RBB13_315,RBB13_315,LPL,RBB,0.0
BKB12_318,BKB12_318,RBB,BKB,0.0
RBB13_157,RBB11_241,RBB,RBB,1.0
BKB12_349,BKB12_349,RBB,BKB,0.0
LPL11_244,LPL11_123,LPL,LPL,1.0
LPL11_324,LPL11_324,RBB,LPL,0.0
RBB13_306,RBB13_306,LPL,RBB,0.0
BKB12_149,BKB12_5,BKB,BKB,1.0
RBB13_60,RBB13_20,RBB,RBB,1.0
LPL11_141,LPL11_192,LPL,LPL,1.0
BKB12_158,BKB12_118,BKB,BKB,1.0
BKB12_218,BKB12_218,RBB,BKB,0.0
BKB12_314,BKB12_314,RBB,BKB,0.0
LPL11_347,LPL11_379,LPL,LPL,1.0
BKB12_100,BKB12_100,LPL,BKB,0.0
RBB13_85,RBB13_72,RBB,RBB,1.0
RBB13_224,RBB13_224,BKB,RBB,0.0
LPL11_59,LPL11_210,LPL,LPL,1.0
RBB11_320,RBB13_320,RBB,RBB,1.0
LPL11_49,LPL11_49,RBB,LPL,0.0
LPL11_32,LPL11_74,LPL,LPL,1.0
BKB12_316,BKB12_316,RBB,BKB,0.0
BKB12_126,BKB12_126,RBB,BKB,0.0
RBB13_51,RBB13_51,LPL,RBB,0.0
RBB11_238,RBB11_223,RBB,RBB,1.0
RBB13_165,RBB13_165,LPL,RBB,0.0
RBB11_15,RBB11_15,BKB,RBB,0.0
RBB13_14,RBB13_299,RBB,RBB,1.0
RBB11_315,RBB11_315,BKB,RBB,0.0
BKB12_258,BKB12_295,BKB,BKB,1.0
RBB11_310,RBB11_310,LPL,RBB,0.0
LPL11_274,LPL11_349,LPL,LPL,1.0
RBB11_284,RBB11_91,RBB,RBB,1.0
RBB11_44,RBB11_44,LPL,RBB,0.0
LPL11_80,LPL11_80,BKB,LPL,0.0
BKB12_98,BKB12_144,BKB,BKB,1.0
RBB11_226,RBB11_336,RBB,RBB,1.0
BKB12_265,BKB12_265,RBB,BKB,0.0
RBB13_355,RBB13_355,BKB,RBB,0.0
RBB13_57,RBB13_144,RBB,RBB,1.0
LPL11_171,LPL11_171,RBB,LPL,0.0
BKB12_95,BKB12_95,RBB,BKB,0.0
RBB13_176,RBB13_176,BKB,RBB,0.0
BKB12_139,BKB12_139,RBB,BKB,0.0
RBB13_277,RBB13_277,BKB,RBB,0.0
RBB13_138,RBB13_254,RBB,RBB,1.0
BKB12_151,BKB12_190,BKB,BKB,1.0
RBB13_343,RBB13_343,BKB,RBB,0.0
RBB13_316,RBB13_316,LPL,RBB,0.0
LPL11_347,LPL11_347,RBB,LPL,0.0
RBB13_306,RBB11_310,RBB,RBB,1.0
BKB12_64,BKB12_64,RBB,BKB,0.0
RBB11_294,RBB11_294,LPL,RBB,0.0
LPL11_235,LPL11_235,RBB,LPL,0.0
RBB13_104,RBB13_333,RBB,RBB,1.0
RBB13_177,RBB13_177,BKB,RBB,0.0
LPL11_146,LPL11_146,RBB,LPL,0.0
BKB12_358,BKB12_358,RBB,BKB,0.0
LPL11_279,LPL11_279,RBB,LPL,0.0
RBB11_314,RBB11_322,RBB,RBB,1.0
RBB11_50,RBB11_50,LPL,RBB,0.0
RBB13_325,RBB13_248,RBB,RBB,1.0
RBB11_298,RBB13_277,RBB,RBB,1.0
BKB12_314,BKB12_275,BKB,BKB,1.0
LPL11_301,LPL11_301,RBB,LPL,0.0
RBB11_118,RBB13_242,RBB,RBB,1.0
BKB12_363,BKB12_314,BKB,BKB,1.0
LPL11_374,LPL11_374,RBB,LPL,0.0
LPL11_2,LPL11_2,RBB,LPL,0.0
RBB11_43,RBB13_64,RBB,RBB,1.0
RBB13_240,RBB13_186,RBB,RBB,1.0
LPL11_357,LPL11_357,RBB,LPL,0.0
RBB13_53,RBB13_183,RBB,RBB,1.0
RBB13_168,RBB13_168,BKB,RBB,0.0
LPL11_18,LPL11_18,RBB,LPL,0.0
LPL11_59,LPL11_59,BKB,LPL,0.0
LPL11_361,LPL11_361,BKB,LPL,0.0
RBB11_154,RBB11_133,RBB,RBB,1.0
RBB11_38,RBB13_143,RBB,RBB,1.0
BKB12_115,BKB12_230,BKB,BKB,1.0
LPL11_93,LPL11_93,RBB,LPL,0.0
RBB13_316,RBB13_194,RBB,RBB,1.0
RBB13_222,RBB13_222,LPL,RBB,0.0
LPL11_301,LPL11_285,LPL,LPL,1.0
LPL11_275,LPL11_152,LPL,LPL,1.0
RBB11_331,RBB11_331,LPL,RBB,0.0
BKB12_303,BKB12_361,BKB,BKB,1.0
LPL11_292,LPL11_292,RBB,LPL,0.0
RBB13_132,RBB11_19,RBB,RBB,1.0
RBB13_144,RBB11_121,RBB,RBB,1.0
BKB12_188,BKB12_188,RBB,BKB,0.0
LPL11_207,LPL11_207,RBB,LPL,0.0
LPL11_10,LPL11_10,RBB,LPL,0.0
RBB11_333,RBB11_333,LPL,RBB,0.0
RBB11_98,RBB11_98,BKB,RBB,0.0
LPL11_61,LPL11_61,RBB,LPL,0.0
BKB12_14,BKB12_281,BKB,BKB,1.0
LPL11_19,LPL11_19,RBB,LPL,0.0
RBB11_337,RBB13_222,RBB,RBB,1.0
RBB13_140,RBB13_140,BKB,RBB,0.0
BKB12_115,BKB12_115,RBB,BKB,0.0
LPL11_254,LPL11_254,RBB,LPL,0.0
BKB12_241,BKB12_192,BKB,BKB,1.0
RBB13_277,RBB11_348,RBB,RBB,1.0
RBB11_167,RBB11_298,RBB,RBB,1.0
LPL11_203,LPL11_72,LPL,LPL,1.0
LPL11_108,LPL11_365,LPL,LPL,1.0
BKB12_248,BKB12_147,BKB,BKB,1.0
LPL11_177,LPL11_249,LPL,LPL,1.0
RBB13_57,RBB13_57,BKB,RBB,0.0
LPL11_171,LPL11_111,LPL,LPL,1.0
BKB12_313,BKB12_30,BKB,BKB,1.0
BKB12_69,BKB12_69,RBB,BKB,0.0
RBB13_308,RBB13_308,LPL,RBB,0.0
LPL11_12,LPL11_12,RBB,LPL,0.0
RBB13_78,RBB13_78,LPL,RBB,0.0
RBB13_5,RBB13_97,RBB,RBB,1.0
BKB12_256,BKB12_256,RBB,BKB,0.0
BKB12_53,BKB12_53,RBB,BKB,0.0
RBB13_59,RBB13_59,BKB,RBB,0.0
RBB13_314,RBB13_314,LPL,RBB,0.0
LPL11_226,LPL11_163,LPL,LPL,1.0
RBB11_281,RBB11_281,LPL,RBB,0.0
LPL11_384,LPL11_295,LPL,LPL,1.0
RBB11_129,RBB11_129,BKB,RBB,0.0
RBB11_341,RBB11_341,LPL,RBB,0.0
LPL11_69,LPL11_324,LPL,LPL,1.0
BKB12_165,BKB12_165,RBB,BKB,0.0
LPL11_352,LPL11_352,RBB,LPL,0.0
RBB13_319,RBB13_319,LPL,RBB,0.0
LPL11_85,LPL11_85,RBB,LPL,0.0
RBB13_223,RBB13_223,LPL,RBB,0.0
BKB12_17,BKB12_17,RBB,BKB,0.0
BKB12_228,BKB12_228,RBB,BKB,0.0
LPL11_320,LPL11_320,RBB,LPL,0.0
RBB11_51,RBB11_51,LPL,RBB,0.0
RBB11_121,RBB11_149,RBB,RBB,1.0
RBB13_153,RBB13_153,BKB,RBB,0.0
LPL11_348,LPL11_1,LPL,LPL,1.0
RBB11_196,RBB11_196,LPL,RBB,0.0
RBB13_197,RBB13_61,RBB,RBB,1.0
RBB11_173,RBB11_173,BKB,RBB,0.0
RBB13_109,RBB13_109,LPL,RBB,0.0
LPL11_191,LPL11_98,LPL,LPL,1.0
RBB11_257,RBB13_24,RBB,RBB,1.0
BKB12_45,BKB12_154,BKB,BKB,1.0
LPL11_237,LPL11_39,LPL,LPL,1.0
BKB12_356,BKB12_356,RBB,BKB,0.0
BKB12_248,BKB12_248,RBB,BKB,0.0
BKB12_257,BKB12_257,RBB,BKB,0.0
RBB11_61,RBB11_256,RBB,RBB,1.0
RBB13_110,RBB11_159,RBB,RBB,1.0
LPL11_21,LPL11_21,RBB,LPL,0.0
BKB12_134,BKB12_134,RBB,BKB,0.0
BKB12_210,BKB12_210,RBB,BKB,0.0
LPL11_372,LPL11_31,LPL,LPL,1.0
BKB12_122,BKB12_223,BKB,BKB,1.0
LPL11_40,LPL11_276,LPL,LPL,1.0
RBB13_7,RBB13_7,BKB,RBB,0.0
BKB12_155,BKB12_155,RBB,BKB,0.0
BKB12_337,BKB12_78,BKB,BKB,1.0
RBB11_301,RBB11_184,RBB,RBB,1.0
LPL11_38,LPL11_154,LPL,LPL,1.0
RBB13_105,RBB11_12,RBB,RBB,1.0
LPL11_305,LPL11_305,RBB,LPL,0.0
LPL11_4,LPL11_4,RBB,LPL,0.0
RBB13_61,RBB11_16,RBB,RBB,1.0
RBB11_28,RBB11_28,BKB,RBB,0.0
BKB12_74,BKB12_232,BKB,BKB,1.0
BKB12_233,BKB12_246,BKB,BKB,1.0
RBB11_286,RBB13_90,RBB,RBB,1.0
RBB13_146,RBB13_146,BKB,RBB,0.0
BKB12_289,BKB12_155,BKB,BKB,1.0
BKB12_48,BKB12_209,BKB,BKB,1.0
BKB12_259,BKB12_289,BKB,BKB,1.0
BKB12_234,BKB12_234,RBB,BKB,0.0
RBB11_95,RBB11_290,RBB,RBB,1.0
BKB12_30,BKB12_136,BKB,BKB,1.0
LPL11_33,LPL11_328,LPL,LPL,1.0
RBB13_254,RBB13_37,RBB,RBB,1.0
BKB12_2,BKB12_2,RBB,BKB,0.0
RBB13_75,RBB13_34,RBB,RBB,1.0
RBB11_20,RBB13_235,RBB,RBB,1.0
RBB11_80,RBB13_102,RBB,RBB,1.0
RBB11_38,RBB11_38,BKB,RBB,0.0
LPL11_286,LPL11_61,LPL,LPL,1.0
BKB12_0,BKB12_22,BKB,BKB,1.0
LPL11_46,LPL11_46,RBB,LPL,0.0
RBB13_14,RBB13_14,BKB,RBB,0.0
RBB13_218,RBB13_251,RBB,RBB,1.0
RBB13_149,RBB11_209,RBB,RBB,1.0
LPL11_328,LPL11_150,LPL,LPL,1.0
RBB11_189,RBB13_268,RBB,RBB,1.0
LPL11_275,LPL11_275,RBB,LPL,0.0
RBB13_271,RBB13_271,BKB,RBB,0.0
LPL11_217,LPL11_5,LPL,LPL,1.0
BKB12_71,BKB12_273,BKB,BKB,1.0
BKB12_20,BKB12_7,BKB,BKB,1.0
LPL11_80,LPL11_22,LPL,LPL,1.0
LPL11_106,LPL11_168,LPL,LPL,1.0
BKB12_93,BKB12_93,RBB,BKB,0.0
RBB11_246,RBB13_329,RBB,RBB,1.0
LPL11_225,LPL11_225,RBB,LPL,0.0
LPL11_148,LPL11_106,LPL,LPL,1.0
BKB12_217,BKB12_217,RBB,BKB,0.0
RBB13_137,RBB13_137,LPL,RBB,0.0
LPL11_101,LPL11_101,RBB,LPL,0.0
RBB13_175,RBB13_44,RBB,RBB,1.0
LPL11_286,LPL11_286,RBB,LPL,0.0
RBB11_65,RBB11_7,RBB,RBB,1.0
RBB13_295,RBB13_165,RBB,RBB,1.0
LPL11_325,LPL11_325,RBB,LPL,0.0
BKB12_257,BKB12_131,BKB,BKB,1.0
RBB11_277,RBB11_317,RBB,RBB,1.0
BKB12_17,BKB12_237,BKB,BKB,1.0
LPL11_329,LPL11_329,RBB,LPL,0.0
RBB11_290,RBB13_157,RBB,RBB,1.0
RBB13_239,RBB13_239,BKB,RBB,0.0
RBB13_38,RBB13_38,BKB,RBB,0.0
BKB12_168,BKB12_168,RBB,BKB,0.0
RBB11_159,RBB11_159,LPL,RBB,0.0
RBB13_89,RBB13_89,LPL,RBB,0.0
RBB11_335,RBB11_335,BKB,RBB,0.0
RBB11_332,RBB11_240,RBB,RBB,1.0
RBB13_231,RBB13_146,RBB,RBB,1.0
LPL11_194,LPL11_194,RBB,LPL,0.0
BKB12_290,BKB12_262,BKB,BKB,1.0
RBB13_133,RBB13_133,BKB,RBB,0.0
BKB12_57,BKB12_241,BKB,BKB,1.0
RBB13_358,RBB13_358,BKB,RBB,0.0
RBB11_281,RBB11_79,RBB,RBB,1.0
BKB12_175,BKB12_175,RBB,BKB,0.0
RBB13_32,RBB13_32,LPL,RBB,0.0
RBB13_87,RBB13_285,RBB,RBB,1.0
RBB11_116,RBB11_116,LPL,RBB,0.0
LPL11_196,LPL11_196,RBB,LPL,0.0
LPL11_230,LPL11_230,RBB,LPL,0.0
RBB11_95,RBB11_95,BKB,RBB,0.0
BKB12_198,BKB12_198,RBB,BKB,0.0
RBB11_34,RBB13_135,RBB,RBB,1.0
BKB12_117,BKB12_117,RBB,BKB,0.0
RBB11_81,RBB11_81,BKB,RBB,0.0
LPL11_28,LPL11_185,LPL,LPL,1.0
BKB12_280,BKB12_75,BKB,BKB,1.0
BKB12_82,BKB12_363,BKB,BKB,1.0
RBB11_172,RBB11_172,LPL,RBB,0.0
RBB11_313,RBB13_215,RBB,RBB,1.0
BKB12_81,BKB12_228,BKB,BKB,1.0
RBB13_217,RBB11_302,RBB,RBB,1.0
BKB12_107,BKB12_107,LPL,BKB,0.0
RBB13_302,RBB13_302,LPL,RBB,0.0
RBB13_26,RBB13_26,BKB,RBB,0.0
RBB13_186,RBB11_85,RBB,RBB,1.0
RBB11_283,RBB13_240,RBB,RBB,1.0
RBB13_282,RBB11_150,RBB,RBB,1.0
BKB12_26,BKB12_26,RBB,BKB,0.0
BKB12_331,BKB12_331,RBB,BKB,0.0
BKB12_318,BKB12_146,BKB,BKB,1.0
BKB12_45,BKB12_45,RBB,BKB,0.0
RBB11_246,RBB11_246,BKB,RBB,0.0
RBB11_171,RBB11_171,LPL,RBB,0.0
LPL11_5,LPL11_233,LPL,LPL,1.0
RBB13_248,RBB11_166,RBB,RBB,1.0
BKB12_84,BKB12_309,BKB,BKB,1.0
LPL11_312,LPL11_312,RBB,LPL,0.0
RBB11_60,RBB11_167,RBB,RBB,1.0
LPL11_110,LPL11_93,LPL,LPL,1.0
RBB13_58,RBB11_50,RBB,RBB,1.0
LPL11_298,LPL11_177,LPL,LPL,1.0
RBB11_117,RBB13_53,RBB,RBB,1.0
LPL11_343,LPL11_343,RBB,LPL,0.0
RBB11_149,RBB11_149,LPL,RBB,0.0
LPL11_32,LPL11_32,RBB,LPL,0.0
RBB11_28,RBB11_233,RBB,RBB,1.0
RBB11_173,RBB13_87,RBB,RBB,1.0
LPL11_283,LPL11_283,RBB,LPL,0.0
BKB12_142,BKB12_203,BKB,BKB,1.0
LPL11_6,LPL11_146,LPL,LPL,1.0
LPL11_245,LPL11_79,LPL,LPL,1.0
RBB13_200,RBB11_268,RBB,RBB,1.0
LPL11_313,LPL11_339,LPL,LPL,1.0
LPL11_6,LPL11_6,RBB,LPL,0.0
RBB13_238,RBB13_105,RBB,RBB,1.0
LPL11_136,LPL11_136,RBB,LPL,0.0
RBB11_136,RBB11_136,LPL,RBB,0.0
RBB11_349,RBB11_349,BKB,RBB,0.0
LPL11_210,LPL11_210,RBB,LPL,0.0
RBB13_55,RBB13_118,RBB,RBB,1.0
LPL11_168,LPL11_168,RBB,LPL,0.0
RBB11_9,RBB13_358,RBB,RBB,1.0
BKB12_342,BKB12_14,BKB,BKB,1.0
LPL11_52,LPL11_26,LPL,LPL,1.0
LPL11_210,LPL11_165,LPL,LPL,1.0
RBB11_184,RBB11_184,BKB,RBB,0.0
LPL11_138,LPL11_138,RBB,LPL,0.0
BKB12_50,BKB12_258,BKB,BKB,1.0
BKB12_359,BKB12_359,RBB,BKB,0.0
RBB13_359,RBB11_76,RBB,RBB,1.0
LPL11_105,LPL11_313,LPL,LPL,1.0
RBB11_48,RBB11_48,BKB,RBB,0.0
BKB12_249,BKB12_249,RBB,BKB,0.0
RBB11_146,RBB11_146,LPL,RBB,0.0
LPL11_94,LPL11_94,RBB,LPL,0.0
LPL11_30,LPL11_245,LPL,LPL,1.0
LPL11_141,LPL11_141,RBB,LPL,0.0
LPL11_185,LPL11_282,LPL,LPL,1.0
RBB13_215,RBB11_136,RBB,RBB,1.0
BKB12_30,BKB12_30,RBB,BKB,0.0
BKB12_309,BKB12_309,RBB,BKB,0.0
RBB11_285,RBB11_285,LPL,RBB,0.0
RBB11_266,RBB11_266,LPL,RBB,0.0
BKB12_156,BKB12_43,BKB,BKB,1.0
RBB11_307,RBB11_142,RBB,RBB,1.0
BKB12_354,BKB12_354,RBB,BKB,0.0
RBB11_276,RBB13_40,RBB,RBB,1.0
RBB11_220,RBB11_220,BKB,RBB,0.0
RBB11_68,RBB11_148,RBB,RBB,1.0
LPL11_274,LPL11_274,RBB,LPL,0.0
RBB11_318,RBB13_234,RBB,RBB,1.0
RBB13_73,RBB13_73,LPL,RBB,0.0
LPL11_240,LPL11_27,LPL,LPL,1.0
LPL11_318,LPL11_318,RBB,LPL,0.0
RBB13_294,RBB13_185,RBB,RBB,1.0
RBB13_100,RBB13_133,RBB,RBB,1.0
RBB13_332,RBB13_332,BKB,RBB,0.0
RBB11_331,RBB13_175,RBB,RBB,1.0
RBB11_166,RBB13_84,RBB,RBB,1.0
LPL11_187,LPL11_187,BKB,LPL,0.0
LPL11_64,LPL11_306,LPL,LPL,1.0
LPL11_185,LPL11_185,RBB,LPL,0.0
BKB12_90,BKB12_90,RBB,BKB,0.0
LPL11_294,LPL11_294,RBB,LPL,0.0
LPL11_247,LPL11_247,RBB,LPL,0.0
RBB13_341,RBB11_57,RBB,RBB,1.0
BKB12_6,BKB12_358,BKB,BKB,1.0
RBB11_257,RBB11_257,LPL,RBB,0.0
RBB11_77,RBB11_77,BKB,RBB,0.0
RBB11_14,RBB11_20,RBB,RBB,1.0
RBB13_15,RBB13_15,LPL,RBB,0.0
BKB12_93,BKB12_293,BKB,BKB,1.0
LPL11_261,LPL11_40,LPL,LPL,1.0
RBB13_204,RBB13_204,BKB,RBB,0.0
RBB13_93,RBB13_93,BKB,RBB,0.0
BKB12_292,BKB12_292,RBB,BKB,0.0
RBB13_324,RBB13_324,BKB,RBB,0.0
LPL11_177,LPL11_177,RBB,LPL,0.0
BKB12_262,BKB12_262,RBB,BKB,0.0
BKB12_237,BKB12_237,RBB,BKB,0.0
RBB13_44,RBB11_117,RBB,RBB,1.0
LPL11_361,LPL11_343,LPL,LPL,1.0
LPL11_198,LPL11_198,RBB,LPL,0.0
RBB11_209,RBB11_209,LPL,RBB,0.0
LPL11_358,LPL11_358,RBB,LPL,0.0
RBB13_48,RBB13_48,LPL,RBB,0.0
BKB12_23,BKB12_88,BKB,BKB,1.0
RBB11_110,RBB13_58,RBB,RBB,1.0
RBB11_332,RBB11_332,LPL,RBB,0.0
RBB13_287,RBB13_289,RBB,RBB,1.0
RBB13_74,RBB13_74,LPL,RBB,0.0
LPL11_5,LPL11_5,RBB,LPL,0.0
LPL11_296,LPL11_357,LPL,LPL,1.0
LPL11_270,LPL11_270,RBB,LPL,0.0
BKB12_22,BKB12_23,BKB,BKB,1.0
RBB13_170,RBB13_51,RBB,RBB,1.0
BKB12_277,BKB12_90,BKB,BKB,1.0
RBB11_155,RBB13_355,RBB,RBB,1.0
RBB11_59,RBB11_59,BKB,RBB,0.0
RBB13_207,RBB13_196,RBB,RBB,1.0
LPL11_112,LPL11_112,RBB,LPL,0.0
LPL11_223,LPL11_80,LPL,LPL,1.0
BKB12_213,BKB12_213,RBB,BKB,0.0
RBB11_139,RBB11_139,BKB,RBB,0.0
BKB12_349,BKB12_178,BKB,BKB,1.0
LPL11_101,LPL11_283,LPL,LPL,1.0
RBB11_32,RBB11_32,BKB,RBB,0.0
RBB13_283,RBB13_344,RBB,RBB,1.0
BKB12_353,BKB12_257,BKB,BKB,1.0
RBB13_299,RBB11_6,RBB,RBB,1.0
LPL11_176,LPL11_322,LPL,LPL,1.0
RBB13_350,RBB11_154,RBB,RBB,1.0
LPL11_147,LPL11_147,RBB,LPL,0.0
RBB11_65,RBB11_65,BKB,RBB,0.0
RBB13_234,RBB11_307,RBB,RBB,1.0
BKB12_96,BKB12_282,BKB,BKB,1.0
LPL11_90,LPL11_90,RBB,LPL,0.0
RBB13_132,RBB13_132,BKB,RBB,0.0
RBB11_323,RBB11_271,RBB,RBB,1.0
RBB11_143,RBB11_274,RBB,RBB,1.0
RBB11_97,RBB13_244,RBB,RBB,1.0
RBB13_115,RBB13_38,RBB,RBB,1.0
RBB13_185,RBB13_185,LPL,RBB,0.0
BKB12_217,BKB12_98,BKB,BKB,1.0
RBB11_261,RBB11_261,LPL,RBB,0.0
LPL11_232,LPL11_232,RBB,LPL,0.0
RBB11_161,RBB11_161,BKB,RBB,0.0
BKB12_119,BKB12_124,BKB,BKB,1.0
RBB11_53,RBB11_316,RBB,RBB,1.0
RBB13_124,RBB13_223,RBB,RBB,1.0
RBB13_145,RBB11_106,RBB,RBB,1.0
BKB12_74,BKB12_74,RBB,BKB,0.0
LPL11_263,LPL11_373,LPL,LPL,1.0
RBB13_215,RBB13_215,LPL,RBB,0.0
BKB12_178,BKB12_178,RBB,BKB,0.0
RBB13_118,RBB11_129,RBB,RBB,1.0
LPL11_180,LPL11_14,LPL,LPL,1.0
BKB12_75,BKB12_341,BKB,BKB,1.0
BKB12_20,BKB12_20,RBB,BKB,0.0
BKB12_7,BKB12_7,LPL,BKB,0.0
BKB12_317,BKB12_93,BKB,BKB,1.0
BKB12_82,BKB12_82,RBB,BKB,0.0
RBB11_274,RBB11_238,RBB,RBB,1.0
RBB13_289,RBB13_289,BKB,RBB,0.0
LPL11_298,LPL11_298,RBB,LPL,0.0
BKB12_230,BKB12_230,RBB,BKB,0.0
BKB12_344,BKB12_41,BKB,BKB,1.0
RBB11_282,RBB11_282,BKB,RBB,0.0
RBB11_217,RBB11_59,RBB,RBB,1.0
RBB13_290,RBB11_257,RBB,RBB,1.0
RBB11_271,RBB13_283,RBB,RBB,1.0
RBB13_141,RBB13_54,RBB,RBB,1.0
LPL11_233,LPL11_66,LPL,LPL,1.0
BKB12_297,BKB12_233,BKB,BKB,1.0
RBB11_205,RBB11_205,LPL,RBB,0.0
RBB13_201,RBB11_171,RBB,RBB,1.0
BKB12_81,BKB12_81,RBB,BKB,0.0
RBB11_61,RBB11_61,LPL,RBB,0.0
RBB13_3,RBB13_3,LPL,RBB,0.0
LPL11_215,LPL11_215,RBB,LPL,0.0
LPL11_14,LPL11_33,LPL,LPL,1.0
RBB11_348,RBB11_1,RBB,RBB,1.0
LPL11_191,LPL11_191,RBB,LPL,0.0
BKB12_43,BKB12_0,BKB,BKB,1.0
BKB12_139,BKB12_87,BKB,BKB,1.0
LPL11_87,LPL11_87,RBB,LPL,0.0
RBB11_44,RBB11_350,RBB,RBB,1.0
LPL11_88,LPL11_88,RBB,LPL,0.0
RBB13_268,RBB11_2,RBB,RBB,1.0
RBB11_76,RBB13_93,RBB,RBB,1.0
BKB12_357,BKB12_69,BKB,BKB,1.0
RBB13_24,RBB13_24,LPL,RBB,0.0
BKB12_52,BKB12_367,BKB,BKB,1.0
BKB12_119,BKB12_119,RBB,BKB,0.0
BKB12_100,BKB12_299,BKB,BKB,1.0
RBB13_244,RBB13_244,LPL,RBB,0.0
RBB13_318,RBB13_100,RBB,RBB,1.0
BKB12_172,BKB12_172,RBB,BKB,0.0
LPL11_165,LPL11_171,LPL,LPL,1.0
RBB11_269,RBB11_269,BKB,RBB,0.0
LPL11_367,LPL11_47,LPL,LPL,1.0
RBB11_259,RBB13_282,RBB,RBB,1.0
RBB11_232,RBB11_185,RBB,RBB,1.0
LPL11_322,LPL11_247,LPL,LPL,1.0
LPL11_12,LPL11_2,LPL,LPL,1.0
BKB12_194,BKB12_356,BKB,BKB,1.0
RBB11_73,RBB13_74,RBB,RBB,1.0
RBB13_169,RBB13_57,RBB,RBB,1.0
LPL11_145,LPL11_35,LPL,LPL,1.0
LPL11_186,LPL11_275,LPL,LPL,1.0
LPL11_223,LPL11_223,RBB,LPL,0.0
BKB12_188,BKB12_77,BKB,BKB,1.0
BKB12_301,BKB12_53,BKB,BKB,1.0
LPL11_284,LPL11_268,LPL,LPL,1.0
RBB11_350,RBB11_350,LPL,RBB,0.0
RBB11_7,RBB13_86,RBB,RBB,1.0
BKB12_324,BKB12_70,BKB,BKB,1.0
RBB13_76,RBB13_76,BKB,RBB,0.0
LPL11_162,LPL11_112,LPL,LPL,1.0
RBB11_296,RBB11_189,RBB,RBB,1.0
BKB12_14,BKB12_14,RBB,BKB,0.0
RBB11_185,RBB11_185,LPL,RBB,0.0
BKB12_94,BKB12_188,BKB,BKB,1.0
RBB11_273,RBB11_269,RBB,RBB,1.0
RBB11_14,RBB11_14,BKB,RBB,0.0
RBB11_313,RBB11_313,LPL,RBB,0.0
BKB12_265,BKB12_94,BKB,BKB,1.0
RBB11_41,RBB13_89,RBB,RBB,1.0
RBB13_110,RBB13_110,LPL,RBB,0.0
BKB12_40,BKB12_219,BKB,BKB,1.0
LPL11_339,LPL11_339,RBB,LPL,0.0
RBB13_64,RBB13_64,LPL,RBB,0.0
RBB11_159,RBB13_16,RBB,RBB,1.0
LPL11_21,LPL11_274,LPL,LPL,1.0
RBB11_170,RBB11_170,BKB,RBB,0.0
BKB12_269,BKB12_269,LPL,BKB,0.0
RBB13_341,RBB13_341,LPL,RBB,0.0
RBB13_150,RBB13_150,LPL,RBB,0.0
RBB13_319,RBB11_146,RBB,RBB,1.0
RBB13_145,RBB13_145,LPL,RBB,0.0
RBB13_295,RBB13_295,LPL,RBB,0.0
RBB13_64,RBB11_312,RBB,RBB,1.0
RBB13_73,RBB13_236,RBB,RBB,1.0
RBB11_83,RBB11_83,LPL,RBB,0.0
RBB13_194,RBB13_194,LPL,RBB,0.0
RBB13_68,RBB11_344,RBB,RBB,1.0
LPL11_79,LPL11_44,LPL,LPL,1.0
RBB11_322,RBB11_322,BKB,RBB,0.0
RBB11_73,RBB11_73,LPL,RBB,0.0
LPL11_67,LPL11_186,LPL,LPL,1.0
RBB11_167,RBB11_167,LPL,RBB,0.0
LPL11_33,LPL11_33,RBB,LPL,0.0
RBB11_123,RBB11_123,BKB,RBB,0.0
BKB12_280,BKB12_280,RBB,BKB,0.0
BKB12_149,BKB12_149,RBB,BKB,0.0
BKB12_121,BKB12_121,RBB,BKB,0.0
RBB13_274,RBB13_274,LPL,RBB,0.0
RBB13_155,RBB13_155,BKB,RBB,0.0
LPL11_200,LPL11_200,RBB,LPL,0.0
BKB12_62,BKB12_208,BKB,BKB,1.0
LPL11_162,LPL11_162,RBB,LPL,0.0
BKB12_111,BKB12_153,BKB,BKB,1.0
RBB11_213,RBB11_213,BKB,RBB,0.0
RBB11_22,RBB11_72,RBB,RBB,1.0
RBB13_58,RBB13_58,BKB,RBB,0.0
RBB11_272,RBB11_139,RBB,RBB,1.0
RBB13_135,RBB13_241,RBB,RBB,1.0
RBB11_289,RBB13_359,RBB,RBB,1.0
RBB13_141,RBB13_141,BKB,RBB,0.0
RBB13_55,RBB13_55,LPL,RBB,0.0
RBB13_22,RBB13_22,LPL,RBB,0.0
LPL11_72,LPL11_72,RBB,LPL,0.0
RBB11_283,RBB11_283,LPL,RBB,0.0
BKB12_279,BKB12_167,BKB,BKB,1.0
RBB13_170,RBB13_170,LPL,RBB,0.0
LPL11_383,LPL11_383,BKB,LPL,0.0
BKB12_367,BKB12_367,RBB,BKB,0.0
RBB11_6,RBB11_6,LPL,RBB,0.0
RBB11_350,RBB11_318,RBB,RBB,1.0
RBB13_16,RBB13_145,RBB,RBB,1.0
BKB12_28,BKB12_245,BKB,BKB,1.0
RBB13_97,RBB13_97,LPL,RBB,0.0
BKB12_216,BKB12_46,BKB,BKB,1.0
BKB12_12,BKB12_126,BKB,BKB,1.0
LPL11_371,LPL11_43,LPL,LPL,1.0
LPL11_215,LPL11_236,LPL,LPL,1.0
LPL11_85,LPL11_141,LPL,LPL,1.0
BKB12_136,BKB12_371,BKB,BKB,1.0
LPL11_41,LPL11_280,LPL,LPL,1.0
RBB13_102,RBB11_258,RBB,RBB,1.0
BKB12_175,BKB12_101,BKB,BKB,1.0
RBB13_9,RBB13_78,RBB,RBB,1.0
RBB11_140,RBB11_261,RBB,RBB,1.0
BKB12_371,BKB12_371,RBB,BKB,0.0
BKB12_43,BKB12_43,RBB,BKB,0.0
RBB13_122,RBB13_122,BKB,RBB,0.0
BKB12_299,BKB12_299,RBB,BKB,0.0
RBB11_9,RBB11_9,LPL,RBB,0.0
RBB13_2,RBB13_2,BKB,RBB,0.0
RBB11_223,RBB11_223,LPL,RBB,0.0
RBB13_225,RBB13_310,RBB,RBB,1.0
BKB12_54,BKB12_141,BKB,BKB,1.0
RBB13_89,RBB11_32,RBB,RBB,1.0
RBB13_48,RBB13_153,RBB,RBB,1.0
BKB12_56,BKB12_56,RBB,BKB,0.0
LPL11_27,LPL11_172,LPL,LPL,1.0
BKB12_363,BKB12_363,RBB,BKB,0.0
RBB11_12,RBB11_12,BKB,RBB,0.0
RBB11_15,RBB11_0,RBB,RBB,1.0
RBB13_198,RBB13_109,RBB,RBB,1.0
LPL11_163,LPL11_198,LPL,LPL,1.0
BKB12_19,BKB12_19,RBB,BKB,0.0
BKB12_270,BKB12_270,RBB,BKB,0.0
RBB13_201,RBB13_201,BKB,RBB,0.0
RBB11_195,RBB11_195,BKB,RBB,0.0
RBB13_138,RBB13_138,LPL,RBB,0.0
RBB13_249,RBB13_249,BKB,RBB,0.0
RBB13_172,RBB13_172,BKB,RBB,0.0
LPL11_93,LPL11_104,LPL,LPL,1.0
LPL11_28,LPL11_28,RBB,LPL,0.0
BKB12_258,BKB12_258,RBB,BKB,0.0
LPL11_110,LPL11_110,RBB,LPL,0.0
BKB12_67,BKB12_67,RBB,BKB,0.0
RBB13_178,RBB13_178,BKB,RBB,0.0
BKB12_368,BKB12_368,RBB,BKB,0.0
LPL11_193,LPL11_122,LPL,LPL,1.0
RBB13_251,RBB13_251,BKB,RBB,0.0
RBB11_286,RBB11_286,BKB,RBB,0.0
RBB11_236,RBB11_236,BKB,RBB,0.0
BKB12_191,BKB12_248,BKB,BKB,1.0
RBB13_137,RBB11_338,RBB,RBB,1.0
LPL11_198,LPL11_315,LPL,LPL,1.0
RBB13_331,RBB13_331,BKB,RBB,0.0
LPL11_263,LPL11_263,RBB,LPL,0.0
RBB11_312,RBB11_312,BKB,RBB,0.0
BKB12_277,BKB12_277,LPL,BKB,0.0
LPL11_337,LPL11_6,LPL,LPL,1.0
RBB13_334,RBB13_334,LPL,RBB,0.0
LPL11_244,LPL11_244,RBB,LPL,0.0
BKB12_110,BKB12_189,BKB,BKB,1.0
LPL11_60,LPL11_12,LPL,LPL,1.0
RBB13_133,RBB11_41,RBB,RBB,1.0
LPL11_145,LPL11_145,RBB,LPL,0.0
RBB11_136,RBB13_49,RBB,RBB,1.0
RBB13_125,RBB13_125,LPL,RBB,0.0
RBB11_21,RBB11_21,BKB,RBB,0.0
LPL11_372,LPL11_372,RBB,LPL,0.0
BKB12_292,BKB12_96,BKB,BKB,1.0
RBB13_269,RBB11_55,RBB,RBB,1.0
RBB11_166,RBB11_166,BKB,RBB,0.0
RBB11_266,RBB13_197,RBB,RBB,1.0
BKB12_238,BKB12_238,RBB,BKB,0.0
LPL11_0,LPL11_0,RBB,LPL,0.0
RBB13_224,RBB13_6,RBB,RBB,1.0
RBB11_260,RBB11_260,BKB,RBB,0.0
LPL11_41,LPL11_41,RBB,LPL,0.0
RBB13_257,RBB13_257,LPL,RBB,0.0
BKB12_7,BKB12_81,BKB,BKB,1.0
RBB11_207,RBB11_207,LPL,RBB,0.0
RBB11_51,RBB11_45,RBB,RBB,1.0
BKB12_114,BKB12_111,BKB,BKB,1.0
LPL11_349,LPL11_349,RBB,LPL,0.0
BKB12_133,BKB12_133,RBB,BKB,0.0
RBB11_105,RBB11_105,LPL,RBB,0.0
LPL11_345,LPL11_345,RBB,LPL,0.0
RBB13_285,RBB13_128,RBB,RBB,1.0
LPL11_204,LPL11_160,LPL,LPL,1.0
BKB12_167,BKB12_167,RBB,BKB,0.0
RBB13_80,RBB13_82,RBB,RBB,1.0
LPL11_328,LPL11_328,RBB,LPL,0.0
LPL11_364,LPL11_113,LPL,LPL,1.0
LPL11_360,LPL11_360,RBB,LPL,0.0
RBB11_201,RBB11_277,RBB,RBB,1.0
BKB12_1,BKB12_217,BKB,BKB,1.0
RBB11_258,RBB11_258,BKB,RBB,0.0
RBB11_72,RBB11_61,RBB,RBB,1.0
RBB13_178,RBB11_75,RBB,RBB,1.0
LPL11_95,LPL11_95,RBB,LPL,0.0
RBB11_218,RBB11_218,BKB,RBB,0.0
LPL11_379,LPL11_379,RBB,LPL,0.0
RBB11_245,RBB11_245,BKB,RBB,0.0
LPL11_353,LPL11_358,LPL,LPL,1.0
RBB11_46,RBB11_46,LPL,RBB,0.0
BKB12_249,BKB12_40,BKB,BKB,1.0
RBB13_33,RBB11_54,RBB,RBB,1.0
BKB12_135,BKB12_135,RBB,BKB,0.0
LPL11_250,LPL11_69,LPL,LPL,1.0
RBB11_301,RBB11_301,BKB,RBB,0.0
RBB13_61,RBB13_61,LPL,RBB,0.0
LPL11_53,LPL11_105,LPL,LPL,1.0
RBB11_341,RBB13_295,RBB,RBB,1.0
LPL11_217,LPL11_217,RBB,LPL,0.0
RBB11_241,RBB11_241,LPL,RBB,0.0
LPL11_77,LPL11_77,RBB,LPL,0.0
LPL11_163,LPL11_163,RBB,LPL,0.0
BKB12_78,BKB12_15,BKB,BKB,1.0
RBB13_275,RBB13_325,RBB,RBB,1.0
BKB12_275,BKB12_353,BKB,BKB,1.0
RBB11_221,RBB11_325,RBB,RBB,1.0
BKB12_59,BKB12_59,RBB,BKB,0.0
BKB12_284,BKB12_284,RBB,BKB,0.0
LPL11_340,LPL11_340,RBB,LPL,0.0
BKB12_60,BKB12_297,BKB,BKB,1.0
RBB13_329,RBB13_329,LPL,RBB,0.0
RBB13_63,RBB13_63,BKB,RBB,0.0
LPL11_69,LPL11_69,RBB,LPL,0.0
LPL11_371,LPL11_371,RBB,LPL,0.0
LPL11_31,LPL11_36,LPL,LPL,1.0
BKB12_146,BKB12_168,BKB,BKB,1.0
RBB11_259,RBB11_259,BKB,RBB,0.0
LPL11_313,LPL11_313,RBB,LPL,0.0
BKB12_12,BKB12_12,RBB,BKB,0.0
RBB11_256,RBB13_200,RBB,RBB,1.0
RBB11_45,RBB11_45,LPL,RBB,0.0
BKB12_95,BKB12_125,BKB,BKB,1.0
LPL11_36,LPL11_286,LPL,LPL,1.0
RBB11_309,RBB11_44,RBB,RBB,1.0
LPL11_131,LPL11_131,BKB,LPL,0.0
BKB12_209,BKB12_66,BKB,BKB,1.0
BKB12_116,BKB12_92,BKB,BKB,1.0
RBB11_157,RBB11_341,RBB,RBB,1.0
RBB11_204,RBB11_73,RBB,RBB,1.0
RBB13_7,RBB13_31,RBB,RBB,1.0
RBB13_20,RBB11_48,RBB,RBB,1.0
RBB11_345,RBB11_345,BKB,RBB,0.0
BKB12_237,BKB12_313,BKB,BKB,1.0
LPL11_62,LPL11_62,RBB,LPL,0.0
RBB11_77,RBB13_287,RBB,RBB,1.0
LPL11_374,LPL11_237,LPL,LPL,1.0
RBB11_55,RBB11_92,RBB,RBB,1.0
LPL11_74,LPL11_337,LPL,LPL,1.0
BKB12_202,BKB12_202,RBB,BKB,0.0
RBB11_233,RBB13_160,RBB,RBB,1.0
BKB12_11,BKB12_322,BKB,BKB,1.0
RBB11_100,RBB11_262,RBB,RBB,1.0
RBB13_196,RBB13_196,LPL,RBB,0.0
LPL11_279,LPL11_85,LPL,LPL,1.0
RBB11_208,RBB11_208,LPL,RBB,0.0
BKB12_112,BKB12_112,RBB,BKB,0.0
RBB13_125,RBB11_332,RBB,RBB,1.0
BKB12_297,BKB12_297,RBB,BKB,0.0
RBB11_337,RBB11_337,LPL,RBB,0.0
BKB12_333,BKB12_333,RBB,BKB,0.0
RBB11_29,RBB11_29,LPL,RBB,0.0
BKB12_54,BKB12_54,RBB,BKB,0.0
BKB12_48,BKB12_48,RBB,BKB,0.0
RBB11_209,RBB13_271,RBB,RBB,1.0
LPL11_338,LPL11_320,LPL,LPL,1.0
LPL11_249,LPL11_363,LPL,LPL,1.0
RBB13_210,RBB13_210,BKB,RBB,0.0
RBB13_267,RBB13_219,RBB,RBB,1.0
BKB12_347,BKB12_347,RBB,BKB,0.0
RBB13_247,RBB13_108,RBB,RBB,1.0
RBB13_274,RBB11_292,RBB,RBB,1.0
BKB12_127,BKB12_127,RBB,BKB,0.0
LPL11_50,LPL11_50,RBB,LPL,0.0
RBB13_194,RBB13_104,RBB,RBB,1.0
BKB12_94,BKB12_94,RBB,BKB,0.0
RBB11_208,RBB13_354,RBB,RBB,1.0
RBB13_320,RBB13_320,LPL,RBB,0.0
LPL11_54,LPL11_46,LPL,LPL,1.0
RBB13_327,RBB13_327,BKB,RBB,0.0
LPL11_240,LPL11_240,RBB,LPL,0.0
LPL11_204,LPL11_204,RBB,LPL,0.0
LPL11_178,LPL11_204,LPL,LPL,1.0
RBB13_264,RBB13_83,RBB,RBB,1.0
LPL11_186,LPL11_186,RBB,LPL,0.0
BKB12_118,BKB12_259,BKB,BKB,1.0
LPL11_160,LPL11_53,LPL,LPL,1.0
LPL11_26,LPL11_296,LPL,LPL,1.0
LPL11_47,LPL11_137,LPL,LPL,1.0
RBB13_327,RBB13_60,RBB,RBB,1.0
BKB12_313,BKB12_313,RBB,BKB,0.0
LPL11_306,LPL11_48,LPL,LPL,1.0
RBB13_222,RBB13_323,RBB,RBB,1.0
LPL11_272,LPL11_272,RBB,LPL,0.0
BKB12_77,BKB12_77,RBB,BKB,0.0
RBB13_83,RBB13_83,LPL,RBB,0.0
BKB12_154,BKB12_154,RBB,BKB,0.0
BKB12_124,BKB12_124,RBB,BKB,0.0
RBB11_310,RBB13_3,RBB,RBB,1.0
LPL11_318,LPL11_230,LPL,LPL,1.0
RBB13_5,RBB13_5,LPL,RBB,0.0
RBB11_116,RBB13_69,RBB,RBB,1.0
LPL11_199,LPL11_199,RBB,LPL,0.0
LPL11_253,LPL11_294,LPL,LPL,1.0
RBB11_46,RBB13_7,RBB,RBB,1.0
RBB11_43,RBB11_43,BKB,RBB,0.0
RBB11_244,RBB13_280,RBB,RBB,1.0
RBB13_257,RBB13_314,RBB,RBB,1.0
LPL11_88,LPL11_117,LPL,LPL,1.0
LPL11_152,LPL11_382,LPL,LPL,1.0
RBB13_176,RBB11_285,RBB,RBB,1.0
BKB12_116,BKB12_116,RBB,BKB,0.0
BKB12_92,BKB12_92,RBB,BKB,0.0
LPL11_370,LPL11_370,RBB,LPL,0.0
BKB12_46,BKB12_110,BKB,BKB,1.0
RBB11_150,RBB11_235,RBB,RBB,1.0
RBB13_70,RBB11_82,RBB,RBB,1.0
LPL11_247,LPL11_243,LPL,LPL,1.0
RBB13_69,RBB13_174,RBB,RBB,1.0
RBB13_359,RBB13_359,BKB,RBB,0.0
BKB12_298,BKB12_284,BKB,BKB,1.0
LPL11_37,LPL11_37,RBB,LPL,0.0
RBB11_92,RBB11_92,LPL,RBB,0.0
LPL11_216,LPL11_216,RBB,LPL,0.0
RBB13_218,RBB13_218,BKB,RBB,0.0
BKB12_126,BKB12_292,BKB,BKB,1.0
LPL11_296,LPL11_296,RBB,LPL,0.0
BKB12_6,BKB12_6,RBB,BKB,0.0
RBB13_251,RBB11_337,RBB,RBB,1.0
RBB11_48,RBB13_158,RBB,RBB,1.0
RBB11_54,RBB13_250,RBB,RBB,1.0
RBB11_344,RBB11_344,BKB,RBB,0.0
RBB11_282,RBB11_177,RBB,RBB,1.0
RBB11_292,RBB11_292,LPL,RBB,0.0
BKB12_70,BKB12_70,RBB,BKB,0.0
LPL11_45,LPL11_87,LPL,LPL,1.0
BKB12_73,BKB12_159,BKB,BKB,1.0
LPL11_72,LPL11_270,LPL,LPL,1.0
BKB12_136,BKB12_136,RBB,BKB,0.0
BKB12_260,BKB12_260,RBB,BKB,0.0
RBB11_110,RBB11_110,BKB,RBB,0.0
RBB11_342,RBB13_352,RBB,RBB,1.0
RBB11_338,RBB11_338,LPL,RBB,0.0
RBB13_287,RBB13_287,BKB,RBB,0.0
BKB12_15,BKB12_119,BKB,BKB,1.0
BKB12_65,BKB12_210,BKB,BKB,1.0
BKB12_359,BKB12_135,BKB,BKB,1.0
RBB11_317,RBB11_224,RBB,RBB,1.0
RBB13_115,RBB13_115,BKB,RBB,0.0
RBB13_174,RBB11_276,RBB,RBB,1.0
LPL11_111,LPL11_374,LPL,LPL,1.0
RBB11_139,RBB13_14,RBB,RBB,1.0
LPL11_282,LPL11_282,RBB,LPL,0.0
LPL11_276,LPL11_276,RBB,LPL,0.0
LPL11_35,LPL11_71,LPL,LPL,1.0
BKB12_69,BKB12_198,BKB,BKB,1.0
BKB12_361,BKB12_220,BKB,BKB,1.0
BKB12_125,BKB12_267,BKB,BKB,1.0
RBB11_145,RBB11_71,RBB,RBB,1.0
RBB13_346,RBB13_346,LPL,RBB,0.0
LPL11_27,LPL11_27,RBB,LPL,0.0
LPL11_189,LPL11_189,RBB,LPL,0.0
RBB13_210,RBB13_332,RBB,RBB,1.0
LPL11_233,LPL11_233,RBB,LPL,0.0
LPL11_98,LPL11_98,RBB,LPL,0.0
LPL11_329,LPL11_8,LPL,LPL,1.0
LPL11_47,LPL11_47,RBB,LPL,0.0
RBB11_19,RBB13_190,RBB,RBB,1.0
RBB13_88,RBB11_245,RBB,RBB,1.0
RBB11_185,RBB13_73,RBB,RBB,1.0
LPL11_138,LPL11_272,LPL,LPL,1.0
LPL11_118,LPL11_194,LPL,LPL,1.0
BKB12_282,BKB12_67,BKB,BKB,1.0
BKB12_343,BKB12_72,BKB,BKB,1.0
RBB11_253,RBB11_253,LPL,RBB,0.0
RBB13_69,RBB13_69,LPL,RBB,0.0
RBB13_177,RBB13_110,RBB,RBB,1.0
RBB11_244,RBB11_244,BKB,RBB,0.0
RBB13_225,RBB13_225,BKB,RBB,0.0
BKB12_228,BKB12_176,BKB,BKB,1.0
BKB12_72,BKB12_72,RBB,BKB,0.0
BKB12_218,BKB12_317,BKB,BKB,1.0
LPL11_280,LPL11_280,RBB,LPL,0.0
RBB11_145,RBB11_145,LPL,RBB,0.0
BKB12_232,BKB12_232,RBB,BKB,0.0
BKB12_346,BKB12_346,RBB,BKB,0.0
RBB13_96,RBB13_96,BKB,RBB,0.0
RBB13_13,RBB13_13,LPL,RBB,0.0
LPL11_46,LPL11_364,LPL,LPL,1.0
RBB11_239,RBB13_335,RBB,RBB,1.0
BKB12_62,BKB12_62,RBB,BKB,0.0
BKB12_233,BKB12_233,RBB,BKB,0.0
BKB12_234,BKB12_79,BKB,BKB,1.0
LPL11_337,LPL11_337,BKB,LPL,0.0
BKB12_279,BKB12_279,RBB,BKB,0.0
BKB12_295,BKB12_295,RBB,BKB,0.0
RBB11_303,RBB11_303,BKB,RBB,0.0
RBB13_299,RBB13_299,BKB,RBB,0.0
LPL11_382,LPL11_189,LPL,LPL,1.0
LPL11_71,LPL11_54,LPL,LPL,1.0
RBB11_318,RBB11_318,LPL,RBB,0.0
RBB13_185,RBB13_290,RBB,RBB,1.0
RBB11_149,RBB13_59,RBB,RBB,1.0
LPL11_234,LPL11_234,BKB,LPL,0.0
LPL11_246,LPL11_246,RBB,LPL,0.0
BKB12_270,BKB12_343,BKB,BKB,1.0
RBB13_63,RBB11_205,RBB,RBB,1.0
LPL11_281,LPL11_281,RBB,LPL,0.0
RBB13_275,RBB13_275,LPL,RBB,0.0
RBB11_1,RBB13_218,RBB,RBB,1.0
LPL11_241,LPL11_308,LPL,LPL,1.0
BKB12_230,BKB12_64,BKB,BKB,1.0
RBB11_118,RBB11_118,LPL,RBB,0.0
BKB12_223,BKB12_223,RBB,BKB,0.0
BKB12_22,BKB12_22,RBB,BKB,0.0
LPL11_285,LPL11_235,LPL,LPL,1.0
RBB13_162,RBB13_162,BKB,RBB,0.0
RBB11_71,RBB13_101,RBB,RBB,1.0
LPL11_251,LPL11_20,LPL,LPL,1.0
BKB12_198,BKB12_52,BKB,BKB,1.0
BKB12_77,BKB12_224,BKB,BKB,1.0
RBB13_98,RBB13_98,LPL,RBB,0.0
LPL11_122,LPL11_122,RBB,LPL,0.0
BKB12_219,BKB12_54,BKB,BKB,1.0
RBB13_124,RBB13_124,LPL,RBB,0.0
RBB11_200,RBB11_200,LPL,RBB,0.0
RBB11_101,RBB13_117,RBB,RBB,1.0
LPL11_232,LPL11_371,LPL,LPL,1.0
LPL11_117,LPL11_117,BKB,LPL,0.0
LPL11_62,LPL11_52,LPL,LPL,1.0
BKB12_111,BKB12_111,RBB,BKB,0.0
RBB11_125,RBB11_125,BKB,RBB,0.0
RBB13_99,RBB11_272,RBB,RBB,1.0
BKB12_290,BKB12_290,RBB,BKB,0.0
RBB13_6,RBB13_6,LPL,RBB,0.0
LPL11_39,LPL11_39,BKB,LPL,0.0
LPL11_357,LPL11_293,LPL,LPL,1.0
RBB11_314,RBB11_314,LPL,RBB,0.0
RBB13_271,RBB13_80,RBB,RBB,1.0
LPL11_193,LPL11_193,RBB,LPL,0.0
BKB12_121,BKB12_151,BKB,BKB,1.0
RBB13_352,RBB13_352,LPL,RBB,0.0
RBB11_146,RBB11_196,RBB,RBB,1.0
RBB11_235,RBB13_266,RBB,RBB,1.0
BKB12_176,BKB12_176,RBB,BKB,0.0
LPL11_243,LPL11_345,LPL,LPL,1.0
LPL11_226,LPL11_226,RBB,LPL,0.0
BKB12_260,BKB12_344,BKB,BKB,1.0
RBB13_324,RBB11_319,RBB,RBB,1.0
LPL11_39,LPL11_147,LPL,LPL,1.0
BKB12_176,BKB12_71,BKB,BKB,1.0
LPL11_44,LPL11_44,RBB,LPL,0.0
RBB11_6,RBB13_28,RBB,RBB,1.0
RBB13_51,RBB11_349,RBB,RBB,1.0
RBB11_55,RBB11_55,BKB,RBB,0.0
LPL11_131,LPL11_207,LPL,LPL,1.0
RBB11_75,RBB13_343,RBB,RBB,1.0
BKB12_267,BKB12_134,BKB,BKB,1.0
BKB12_303,BKB12_303,RBB,BKB,0.0
RBB11_322,RBB11_313,RBB,RBB,1.0
BKB12_194,BKB12_194,LPL,BKB,0.0
BKB12_178,BKB12_214,BKB,BKB,1.0
RBB11_75,RBB11_75,BKB,RBB,0.0
LPL11_254,LPL11_347,LPL,LPL,1.0
LPL11_172,LPL11_241,LPL,LPL,1.0
LPL11_384,LPL11_384,RBB,LPL,0.0
RBB11_158,RBB13_350,RBB,RBB,1.0
RBB11_218,RBB13_125,RBB,RBB,1.0
BKB12_256,BKB12_265,BKB,BKB,1.0
RBB13_291,RBB13_291,BKB,RBB,0.0
BKB12_326,BKB12_326,RBB,BKB,0.0
LPL11_379,LPL11_304,LPL,LPL,1.0
LPL11_373,LPL11_373,RBB,LPL,0.0
RBB11_165,RBB11_226,RBB,RBB,1.0
RBB13_11,RBB13_288,RBB,RBB,1.0
BKB12_191,BKB12_191,RBB,BKB,0.0
BKB12_98,BKB12_98,RBB,BKB,0.0
BKB12_142,BKB12_142,RBB,BKB,0.0
RBB13_150,RBB13_312,RBB,RBB,1.0
LPL11_304,LPL11_304,RBB,LPL,0.0
BKB12_351,BKB12_216,BKB,BKB,1.0
LPL11_234,LPL11_88,LPL,LPL,1.0
RBB11_148,RBB13_338,RBB,RBB,1.0
LPL11_291,LPL11_291,RBB,LPL,0.0
RBB13_267,RBB13_267,LPL,RBB,0.0
LPL11_154,LPL11_154,RBB,LPL,0.0
RBB13_72,RBB13_8,RBB,RBB,1.0
BKB12_360,BKB12_360,RBB,BKB,0.0
RBB11_88,RBB11_88,BKB,RBB,0.0
RBB11_272,RBB11_272,BKB,RBB,0.0
LPL11_302,LPL11_302,RBB,LPL,0.0
LPL11_293,LPL11_218,LPL,LPL,1.0
RBB11_319,RBB11_253,RBB,RBB,1.0
RBB11_129,RBB11_145,RBB,RBB,1.0
LPL11_8,LPL11_8,RBB,LPL,0.0
RBB13_254,RBB13_254,LPL,RBB,0.0
BKB12_347,BKB12_286,BKB,BKB,1.0
RBB13_183,RBB13_183,BKB,RBB,0.0
LPL11_40,LPL11_40,RBB,LPL,0.0
